# OBJ generated by ONSHAPE BY PTC INC, 1.216 Units = meters
mtllib Support3D.mtl
g Part 1
v 0.0401793 -0.00529733 -0.00125 
v 0.0401954 -0.005 -0.00125 
v 0.0401954 -0.005 -0.005 
v 0.0401311 -0.00559117 -0.00125 
v 0.0401793 -0.00529733 -0.005 
v 0.0400515 -0.00587808 -0.00125 
v 0.0401311 -0.00559117 -0.005 
v 0.0399413 -0.0061547 -0.00125 
v 0.0400515 -0.00587808 -0.005 
v 0.0398018 -0.00641777 -0.00125 
v 0.0399413 -0.0061547 -0.005 
v 0.0396347 -0.00666423 -0.00125 
v 0.0398018 -0.00641777 -0.005 
v 0.0394419 -0.00689117 -0.00125 
v 0.0396347 -0.00666423 -0.005 
v 0.0392257 -0.00709595 -0.00125 
v 0.0394419 -0.00689117 -0.005 
v 0.0389887 -0.00727614 -0.00125 
v 0.0392257 -0.00709595 -0.005 
v 0.0387335 -0.00742966 -0.00125 
v 0.0389887 -0.00727614 -0.005 
v 0.0384633 -0.00755469 -0.00125 
v 0.0387335 -0.00742966 -0.005 
v 0.0381811 -0.00764976 -0.00125 
v 0.0384633 -0.00755469 -0.005 
v 0.0378903 -0.00771377 -0.00125 
v 0.0381811 -0.00764976 -0.005 
v 0.0375943 -0.00774597 -0.00125 
v 0.0378903 -0.00771377 -0.005 
v 0.0372965 -0.00774597 -0.00125 
v 0.0375943 -0.00774597 -0.005 
v 0.0370005 -0.00771377 -0.00125 
v 0.0372965 -0.00774597 -0.005 
v 0.0367097 -0.00764976 -0.00125 
v 0.0370005 -0.00771377 -0.005 
v 0.0364275 -0.00755469 -0.00125 
v 0.0367097 -0.00764976 -0.005 
v 0.0361573 -0.00742966 -0.00125 
v 0.0364275 -0.00755469 -0.005 
v 0.0359022 -0.00727614 -0.00125 
v 0.0361573 -0.00742966 -0.005 
v 0.0356651 -0.00709595 -0.00125 
v 0.0359022 -0.00727614 -0.005 
v 0.0354489 -0.00689117 -0.00125 
v 0.0356651 -0.00709595 -0.005 
v 0.0352562 -0.00666423 -0.00125 
v 0.0354489 -0.00689117 -0.005 
v 0.0350891 -0.00641777 -0.00125 
v 0.0352562 -0.00666423 -0.005 
v 0.0349496 -0.0061547 -0.00125 
v 0.0350891 -0.00641777 -0.005 
v 0.0348394 -0.00587808 -0.00125 
v 0.0349496 -0.0061547 -0.005 
v 0.0347597 -0.00559117 -0.00125 
v 0.0348394 -0.00587808 -0.005 
v 0.0347115 -0.00529733 -0.00125 
v 0.0347597 -0.00559117 -0.005 
v 0.0346954 -0.005 -0.00125 
v 0.0347115 -0.00529733 -0.005 
v 0.0347115 -0.00470267 -0.00125 
v 0.0346954 -0.005 -0.005 
v 0.0347597 -0.00440883 -0.00125 
v 0.0347115 -0.00470267 -0.005 
v 0.0348394 -0.00412192 -0.00125 
v 0.0347597 -0.00440883 -0.005 
v 0.0349496 -0.0038453 -0.00125 
v 0.0348394 -0.00412192 -0.005 
v 0.0350891 -0.00358223 -0.00125 
v 0.0349496 -0.0038453 -0.005 
v 0.0352562 -0.00333577 -0.00125 
v 0.0350891 -0.00358223 -0.005 
v 0.0354489 -0.00310883 -0.00125 
v 0.0352562 -0.00333577 -0.005 
v 0.0356651 -0.00290405 -0.00125 
v 0.0354489 -0.00310883 -0.005 
v 0.0359022 -0.00272386 -0.00125 
v 0.0356651 -0.00290405 -0.005 
v 0.0361573 -0.00257034 -0.00125 
v 0.0359022 -0.00272386 -0.005 
v 0.0364275 -0.00244531 -0.00125 
v 0.0361573 -0.00257034 -0.005 
v 0.0367097 -0.00235024 -0.00125 
v 0.0364275 -0.00244531 -0.005 
v 0.0370005 -0.00228623 -0.00125 
v 0.0367097 -0.00235024 -0.005 
v 0.0372965 -0.00225403 -0.00125 
v 0.0370005 -0.00228623 -0.005 
v 0.0375943 -0.00225403 -0.00125 
v 0.0372965 -0.00225403 -0.005 
v 0.0378903 -0.00228623 -0.00125 
v 0.0375943 -0.00225403 -0.005 
v 0.0381811 -0.00235024 -0.00125 
v 0.0378903 -0.00228623 -0.005 
v 0.0384633 -0.00244531 -0.00125 
v 0.0381811 -0.00235024 -0.005 
v 0.0387335 -0.00257034 -0.00125 
v 0.0384633 -0.00244531 -0.005 
v 0.0389887 -0.00272386 -0.00125 
v 0.0387335 -0.00257034 -0.005 
v 0.0392257 -0.00290405 -0.00125 
v 0.0389887 -0.00272386 -0.005 
v 0.0394419 -0.00310883 -0.00125 
v 0.0392257 -0.00290405 -0.005 
v 0.0396347 -0.00333577 -0.00125 
v 0.0394419 -0.00310883 -0.005 
v 0.0398018 -0.00358223 -0.00125 
v 0.0396347 -0.00333577 -0.005 
v 0.0399413 -0.0038453 -0.00125 
v 0.0398018 -0.00358223 -0.005 
v 0.0400515 -0.00412192 -0.00125 
v 0.0399413 -0.0038453 -0.005 
v 0.0401311 -0.00440883 -0.00125 
v 0.0400515 -0.00412192 -0.005 
v 0.0401793 -0.00470267 -0.00125 
v 0.0401311 -0.00440883 -0.005 
v 0.0401793 -0.00470267 -0.005 
v 0.0146347 -0.00666423 -0.00125 
v 0.0689454 -0.0095 -0.00125 
v 0.0102562 -0.00666423 -0.00125 
v 0.00663183 -0.00948357 -0.00125 
v 0.00694542 -0.0095 -0.00125 
v 0.0125943 -0.00774597 -0.00125 
v 0.0122965 -0.00774597 -0.00125 
v 0.001259 -1.64343e-05 -0.00125 
v 0.00156915 -6.55572e-05 -0.00125 
v 0.0125943 -0.00225403 -0.00125 
v 0.0128903 -0.00228623 -0.00125 
v 0.0106651 -0.00709595 -0.00125 
v 0.0104489 -0.00689117 -0.00125 
v 0.0120005 -0.00771377 -0.00125 
v 0.0117097 -0.00764976 -0.00125 
v 0.0128903 -0.00771377 -0.00125 
v 0.0134633 -0.00755469 -0.00125 
v 0.0131811 -0.00764976 -0.00125 
v 0.0109022 -0.00727614 -0.00125 
v 0.0114275 -0.00755469 -0.00125 
v 0.0111573 -0.00742966 -0.00125 
v 0.0144419 -0.00689117 -0.00125 
v 0.0142257 -0.00709595 -0.00125 
v 0.0148018 -0.00641777 -0.00125 
v 0.0602562 -0.00333577 -0.00125 
v 0.00983937 -0.00412192 -0.00125 
v 0.00317485 -0.000992608 -0.00125 
v 0.00337247 -0.00123664 -0.00125 
v 0.0600891 -0.00358223 -0.00125 
v 0.0122965 -0.00225403 -0.00125 
v 0.0111573 -0.00257034 -0.00125 
v 0.0114275 -0.00244531 -0.00125 
v 0.00295281 -0.000770566 -0.00125 
v 0.00244542 -0.000401924 -0.00125 
v 0.00270877 -0.000572949 -0.00125 
v 0.0139887 -0.00727614 -0.00125 
v 0.0137335 -0.00742966 -0.00125 
v 0.0120005 -0.00228623 -0.00125 
v 0.0117097 -0.00235024 -0.00125 
v 0.00187247 -0.00014683 -0.00125 
v 0.0104489 -0.00310883 -0.00125 
v 0.00216563 -0.000259364 -0.00125 
v 0.00354349 -0.0015 -0.00125 
v 0.00368605 -0.00177979 -0.00125 
v 0.00392898 -0.00268641 -0.00125 
v 0.00394542 -0.003 -0.00125 
v 0.0131811 -0.00235024 -0.00125 
v 0.0100891 -0.00641777 -0.00125 
v 0.00632168 -0.00943444 -0.00125 
v 0.0106651 -0.00290405 -0.00125 
v 0.0109022 -0.00272386 -0.00125 
v 0.0102562 -0.00333577 -0.00125 
v 0.00994959 -0.0038453 -0.00125 
v 0.0100891 -0.00358223 -0.00125 
v 0.00387986 -0.00237626 -0.00125 
v 0.0134633 -0.00244531 -0.00125 
v 0.00994959 -0.0061547 -0.00125 
v 0.00518206 -0.00892705 -0.00125 
v 0.00544542 -0.00909808 -0.00125 
v 0.00471598 -0.00850739 -0.00125 
v 0.00493803 -0.00872943 -0.00125 
v 0.00601837 -0.00935317 -0.00125 
v 0.00572521 -0.00924064 -0.00125 
v 0.0150515 -0.00587808 -0.00125 
v 0.0149413 -0.0061547 -0.00125 
v 0.0151311 -0.00559117 -0.00125 
v 0.0620005 -0.00771377 -0.00125 
v 0.00379859 -0.00207295 -0.00125 
v 0.0139887 -0.00272386 -0.00125 
v 0.0142257 -0.00290405 -0.00125 
v 0.0137335 -0.00257034 -0.00125 
v 0.0151793 -0.00529733 -0.00125 
v 0.0622965 -0.00774597 -0.00125 
v 0.0639887 -0.00727614 -0.00125 
v 0.0637335 -0.00742966 -0.00125 
v 0.0599496 -0.0038453 -0.00125 
v 0.0597597 -0.00440883 -0.00125 
v 0.0598394 -0.00412192 -0.00125 
v 0.00975971 -0.00440883 -0.00125 
v 0.00394542 -0.0065 -0.00125 
v 0.00969542 -0.005 -0.00125 
v 0.0150515 -0.00412192 -0.00125 
v 0.0151311 -0.00440883 -0.00125 
v 0.0148018 -0.00358223 -0.00125 
v 0.0149413 -0.0038453 -0.00125 
v 0.0144419 -0.00310883 -0.00125 
v 0.0146347 -0.00333577 -0.00125 
v 0.0151954 -0.005 -0.00125 
v 0.00975971 -0.00559117 -0.00125 
v 0.00409225 -0.00742705 -0.00125 
v 0.00420478 -0.00772021 -0.00125 
v 0.00396185 -0.00681359 -0.00125 
v 0.00401097 -0.00712374 -0.00125 
v 0.00983937 -0.00587808 -0.00125 
v 0.00451837 -0.00826336 -0.00125 
v 0.00434734 -0.008 -0.00125 
v 0.0628903 -0.00771377 -0.00125 
v 0.0625943 -0.00774597 -0.00125 
v 0.0634633 -0.00755469 -0.00125 
v 0.0649413 -0.0038453 -0.00125 
v 0.072716 -0.000992608 -0.00125 
v 0.072938 -0.000770566 -0.00125 
v 0.0650515 -0.00412192 -0.00125 
v 0.0722048 -0.00177979 -0.00125 
v 0.0743217 -6.55572e-05 -0.00125 
v 0.0631811 -0.00235024 -0.00125 
v 0.0634633 -0.00244531 -0.00125 
v 0.0620005 -0.00228623 -0.00125 
v 0.0622965 -0.00225403 -0.00125 
v 0.000945418 2.22925e-17 -0.00125 
v 0.0617097 -0.00235024 -0.00125 
v 0.0597115 -0.00470267 -0.00125 
v 0.00971154 -0.00470267 -0.00125 
v 0.00971154 -0.00529733 -0.00125 
v 0.0631811 -0.00764976 -0.00125 
v 0.0719619 -0.00268641 -0.00125 
v 0.072011 -0.00237626 -0.00125 
v 0.0651311 -0.00440883 -0.00125 
v 0.0719454 -0.003 -0.00125 
v 0.0731821 -0.000572949 -0.00125 
v 0.0723473 -0.0015 -0.00125 
v 0.0639887 -0.00272386 -0.00125 
v 0.0642257 -0.00290405 -0.00125 
v 0.0740184 -0.00014683 -0.00125 
v 0.0628903 -0.00228623 -0.00125 
v 0.0625943 -0.00225403 -0.00125 
v 0.0606651 -0.00290405 -0.00125 
v 0.0734454 -0.000401924 -0.00125 
v 0.0725184 -0.00123664 -0.00125 
v 0.0648018 -0.00358223 -0.00125 
v 0.0737252 -0.000259364 -0.00125 
v 0.0746318 -1.64343e-05 -0.00125 
v 0.0604489 -0.00310883 -0.00125 
v 0.0151793 -0.00470267 -0.00125 
v 0.0720922 -0.00207295 -0.00125 
v 0.0646347 -0.00333577 -0.00125 
v 0.0637335 -0.00257034 -0.00125 
v 0.0749454 0 -0.00125 
v 0.0644419 -0.00310883 -0.00125 
v 0.0599496 -0.0061547 -0.00125 
v 0.0648018 -0.00641777 -0.00125 
v 0.069259 -0.00948357 -0.00125 
v 0.0695692 -0.00943444 -0.00125 
v 0.0646347 -0.00666423 -0.00125 
v 0.0649413 -0.0061547 -0.00125 
v 0.0701656 -0.00924064 -0.00125 
v 0.0704454 -0.00909808 -0.00125 
v 0.0698725 -0.00935317 -0.00125 
v 0.0650515 -0.00587808 -0.00125 
v 0.0709528 -0.00872943 -0.00125 
v 0.0711749 -0.00850739 -0.00125 
v 0.0609022 -0.00272386 -0.00125 
v 0.0611573 -0.00257034 -0.00125 
v 0.0597115 -0.00529733 -0.00125 
v 0.0596954 -0.005 -0.00125 
v 0.0598394 -0.00587808 -0.00125 
v 0.0602562 -0.00666423 -0.00125 
v 0.0600891 -0.00641777 -0.00125 
v 0.0617097 -0.00764976 -0.00125 
v 0.0609022 -0.00727614 -0.00125 
v 0.0713725 -0.00826336 -0.00125 
v 0.0707088 -0.00892705 -0.00125 
v 0.0651311 -0.00559117 -0.00125 
v 0.0716861 -0.00772021 -0.00125 
v 0.0717986 -0.00742705 -0.00125 
v 0.0715435 -0.008 -0.00125 
v 0.0614275 -0.00244531 -0.00125 
v 0.0597597 -0.00559117 -0.00125 
v 0.0604489 -0.00689117 -0.00125 
v 0.0606651 -0.00709595 -0.00125 
v 0.071929 -0.00681359 -0.00125 
v 0.0719454 -0.0065 -0.00125 
v 0.0651793 -0.00470267 -0.00125 
v 0.0651954 -0.005 -0.00125 
v 0.0614275 -0.00755469 -0.00125 
v 0.0611573 -0.00742966 -0.00125 
v 0.0644419 -0.00689117 -0.00125 
v 0.0642257 -0.00709595 -0.00125 
v 0.0718799 -0.00712374 -0.00125 
v 0.0651793 -0.00529733 -0.00125 
v 0.00394542 -0.003 -0.005 
v 0.00394542 -0.0065 -0.005 
v 0.0719454 -0.003 -0.005 
v 0.0719454 -0.0065 -0.005 
v 0.00694542 -0.0095 -0.005 
v 0.0689454 -0.0095 -0.005 
v 0.00396185 -0.00681359 -0.005 
v 0.00401097 -0.00712374 -0.005 
v 0.00409225 -0.00742705 -0.005 
v 0.00420478 -0.00772021 -0.005 
v 0.00434734 -0.008 -0.005 
v 0.00451837 -0.00826336 -0.005 
v 0.00471598 -0.00850739 -0.005 
v 0.00493803 -0.00872943 -0.005 
v 0.00518206 -0.00892705 -0.005 
v 0.00544542 -0.00909808 -0.005 
v 0.00572521 -0.00924064 -0.005 
v 0.00601837 -0.00935317 -0.005 
v 0.00632168 -0.00943444 -0.005 
v 0.00663183 -0.00948357 -0.005 
v 0.071929 -0.00681359 -0.005 
v 0.0718799 -0.00712374 -0.005 
v 0.0717986 -0.00742705 -0.005 
v 0.0716861 -0.00772021 -0.005 
v 0.0715435 -0.008 -0.005 
v 0.0713725 -0.00826336 -0.005 
v 0.0711749 -0.00850739 -0.005 
v 0.0709528 -0.00872943 -0.005 
v 0.0707088 -0.00892705 -0.005 
v 0.0704454 -0.00909808 -0.005 
v 0.0701656 -0.00924064 -0.005 
v 0.0698725 -0.00935317 -0.005 
v 0.0695692 -0.00943444 -0.005 
v 0.069259 -0.00948357 -0.005 
v 0.000945418 0 -0.005 
v 0.001259 -1.64343e-05 -0.005 
v 0.00156915 -6.55572e-05 -0.005 
v 0.00187247 -0.00014683 -0.005 
v 0.00216563 -0.000259364 -0.005 
v 0.00244542 -0.000401924 -0.005 
v 0.00270877 -0.000572949 -0.005 
v 0.00295281 -0.000770566 -0.005 
v 0.00317485 -0.000992608 -0.005 
v 0.00337247 -0.00123664 -0.005 
v 0.00354349 -0.0015 -0.005 
v 0.00368605 -0.00177979 -0.005 
v 0.00379859 -0.00207295 -0.005 
v 0.00387986 -0.00237626 -0.005 
v 0.00392898 -0.00268641 -0.005 
v 0.0746318 -1.64343e-05 -0.005 
v 0.0749454 0 -0.005 
v 0.0743217 -6.55572e-05 -0.005 
v 0.0740184 -0.00014683 -0.005 
v 0.0737252 -0.000259364 -0.005 
v 0.0734454 -0.000401924 -0.005 
v 0.0731821 -0.000572949 -0.005 
v 0.072938 -0.000770566 -0.005 
v 0.072716 -0.000992608 -0.005 
v 0.0725184 -0.00123664 -0.005 
v 0.0723473 -0.0015 -0.005 
v 0.0722048 -0.00177979 -0.005 
v 0.0720922 -0.00207295 -0.005 
v 0.072011 -0.00237626 -0.005 
v 0.0719619 -0.00268641 -0.005 
v 0.0151954 -0.005 -0.005 
v 0.0151793 -0.00529733 -0.005 
v 0.0151311 -0.00559117 -0.005 
v 0.0150515 -0.00587808 -0.005 
v 0.0149413 -0.0061547 -0.005 
v 0.0148018 -0.00641777 -0.005 
v 0.0146347 -0.00666423 -0.005 
v 0.0144419 -0.00689117 -0.005 
v 0.0142257 -0.00709595 -0.005 
v 0.0139887 -0.00727614 -0.005 
v 0.0137335 -0.00742966 -0.005 
v 0.0134633 -0.00755469 -0.005 
v 0.0131811 -0.00764976 -0.005 
v 0.0128903 -0.00771377 -0.005 
v 0.0125943 -0.00774597 -0.005 
v 0.0122965 -0.00774597 -0.005 
v 0.0120005 -0.00771377 -0.005 
v 0.0117097 -0.00764976 -0.005 
v 0.0114275 -0.00755469 -0.005 
v 0.0111573 -0.00742966 -0.005 
v 0.0109022 -0.00727614 -0.005 
v 0.0106651 -0.00709595 -0.005 
v 0.0104489 -0.00689117 -0.005 
v 0.0102562 -0.00666423 -0.005 
v 0.0100891 -0.00641777 -0.005 
v 0.00994959 -0.0061547 -0.005 
v 0.00983937 -0.00587808 -0.005 
v 0.00975971 -0.00559117 -0.005 
v 0.00971154 -0.00529733 -0.005 
v 0.00969542 -0.005 -0.005 
v 0.00971154 -0.00470267 -0.005 
v 0.00975971 -0.00440883 -0.005 
v 0.00983937 -0.00412192 -0.005 
v 0.00994959 -0.0038453 -0.005 
v 0.0100891 -0.00358223 -0.005 
v 0.0102562 -0.00333577 -0.005 
v 0.0104489 -0.00310883 -0.005 
v 0.0106651 -0.00290405 -0.005 
v 0.0109022 -0.00272386 -0.005 
v 0.0111573 -0.00257034 -0.005 
v 0.0114275 -0.00244531 -0.005 
v 0.0117097 -0.00235024 -0.005 
v 0.0120005 -0.00228623 -0.005 
v 0.0122965 -0.00225403 -0.005 
v 0.0125943 -0.00225403 -0.005 
v 0.0128903 -0.00228623 -0.005 
v 0.0131811 -0.00235024 -0.005 
v 0.0134633 -0.00244531 -0.005 
v 0.0137335 -0.00257034 -0.005 
v 0.0139887 -0.00272386 -0.005 
v 0.0142257 -0.00290405 -0.005 
v 0.0144419 -0.00310883 -0.005 
v 0.0146347 -0.00333577 -0.005 
v 0.0148018 -0.00358223 -0.005 
v 0.0149413 -0.0038453 -0.005 
v 0.0150515 -0.00412192 -0.005 
v 0.0151311 -0.00440883 -0.005 
v 0.0151793 -0.00470267 -0.005 
v 0.0651954 -0.005 -0.005 
v 0.0651793 -0.00529733 -0.005 
v 0.0651311 -0.00559117 -0.005 
v 0.0650515 -0.00587808 -0.005 
v 0.0649413 -0.0061547 -0.005 
v 0.0648018 -0.00641777 -0.005 
v 0.0646347 -0.00666423 -0.005 
v 0.0644419 -0.00689117 -0.005 
v 0.0642257 -0.00709595 -0.005 
v 0.0639887 -0.00727614 -0.005 
v 0.0637335 -0.00742966 -0.005 
v 0.0634633 -0.00755469 -0.005 
v 0.0631811 -0.00764976 -0.005 
v 0.0628903 -0.00771377 -0.005 
v 0.0625943 -0.00774597 -0.005 
v 0.0622965 -0.00774597 -0.005 
v 0.0620005 -0.00771377 -0.005 
v 0.0617097 -0.00764976 -0.005 
v 0.0614275 -0.00755469 -0.005 
v 0.0611573 -0.00742966 -0.005 
v 0.0609022 -0.00727614 -0.005 
v 0.0606651 -0.00709595 -0.005 
v 0.0604489 -0.00689117 -0.005 
v 0.0602562 -0.00666423 -0.005 
v 0.0600891 -0.00641777 -0.005 
v 0.0599496 -0.0061547 -0.005 
v 0.0598394 -0.00587808 -0.005 
v 0.0597597 -0.00559117 -0.005 
v 0.0597115 -0.00529733 -0.005 
v 0.0596954 -0.005 -0.005 
v 0.0597115 -0.00470267 -0.005 
v 0.0597597 -0.00440883 -0.005 
v 0.0598394 -0.00412192 -0.005 
v 0.0599496 -0.0038453 -0.005 
v 0.0600891 -0.00358223 -0.005 
v 0.0602562 -0.00333577 -0.005 
v 0.0604489 -0.00310883 -0.005 
v 0.0606651 -0.00290405 -0.005 
v 0.0609022 -0.00272386 -0.005 
v 0.0611573 -0.00257034 -0.005 
v 0.0614275 -0.00244531 -0.005 
v 0.0617097 -0.00235024 -0.005 
v 0.0620005 -0.00228623 -0.005 
v 0.0622965 -0.00225403 -0.005 
v 0.0625943 -0.00225403 -0.005 
v 0.0628903 -0.00228623 -0.005 
v 0.0631811 -0.00235024 -0.005 
v 0.0634633 -0.00244531 -0.005 
v 0.0637335 -0.00257034 -0.005 
v 0.0639887 -0.00272386 -0.005 
v 0.0642257 -0.00290405 -0.005 
v 0.0644419 -0.00310883 -0.005 
v 0.0646347 -0.00333577 -0.005 
v 0.0648018 -0.00358223 -0.005 
v 0.0649413 -0.0038453 -0.005 
v 0.0650515 -0.00412192 -0.005 
v 0.0651311 -0.00440883 -0.005 
v 0.0651793 -0.00470267 -0.005 
v 0.1465 0 0.0340968 
v 0.1545 0 0.0486603 
v 0.153567 0 0.0491355 
v 0.151579 0 0.0497815 
v 0.150545 0 0.0499452 
v 0.155378 0 0.0480902 
v 0.156931 0 0.0466913 
v 0.156191 0 0.0474314 
v -0.0831603 0 0.045 
v -0.0836355 0 0.0440674 
v -0.0819314 0 0.0466913 
v -0.0825902 0 0.0458779 
v -0.0795 0 0.0486603 
v -0.0803779 0 0.0480902 
v 0.15259 0 0.0495106 
v 0.159445 0 0.0410453 
v 0.159281 0 0.0420791 
v -0.0811913 0 0.0474314 
v 0.15816 0 0.045 
v 0.15759 0 0.0458779 
v 0.159011 0 0.0430902 
v -0.0840106 0 0.0430902 
v -0.0842815 0 0.0420791 
v -0.0775902 0 0.0495106 
v -0.0785674 0 0.0491355 
v 0.158635 0 0.0440674 
v -0.0844452 0 0.0410453 
v -0.0755453 0 0.0499452 
v -0.0765791 0 0.0497815 
v 0.0845 0 -0.005 
v 0.0845 0 -3.46945e-18 
v -0.0745 0 0.05 
v 0.1595 0 0.04 
v -0.0845 0 -0.005 
v 0.1595 0 0.0340968 
v -0.0845 0 0.04 
v 0.1495 0 0.05 
v 0.1465 0 -2.39557e-17 
v 0.0845 0.0158 -3.46945e-18 
v 0.0845 0.0158 -0.005 
v -0.0845 0.0158 -0.005 
v -0.0845 0.0158 0.04 
v -0.0745 0.0158 0.05 
v 0.1495 0.0158 0.05 
v -0.0755453 0.0158 0.0499452 
v -0.0765791 0.0158 0.0497815 
v -0.0775902 0.0158 0.0495106 
v -0.0785674 0.0158 0.0491355 
v -0.0795 0.0158 0.0486603 
v -0.0803779 0.0158 0.0480902 
v -0.0811913 0.0158 0.0474314 
v -0.0819314 0.0158 0.0466913 
v -0.0825902 0.0158 0.0458779 
v -0.0831603 0.0158 0.045 
v -0.0836355 0.0158 0.0440674 
v -0.0840106 0.0158 0.0430902 
v -0.0842815 0.0158 0.0420791 
v -0.0844452 0.0158 0.0410453 
v 0.150545 0.0158 0.0499452 
v 0.151579 0.0158 0.0497815 
v 0.15259 0.0158 0.0495106 
v 0.153567 0.0158 0.0491355 
v 0.1545 0.0158 0.0486603 
v 0.155378 0.0158 0.0480902 
v 0.156191 0.0158 0.0474314 
v 0.156931 0.0158 0.0466913 
v 0.15759 0.0158 0.0458779 
v 0.15816 0.0158 0.045 
v 0.158635 0.0158 0.0440674 
v 0.159011 0.0158 0.0430902 
v 0.159281 0.0158 0.0420791 
v 0.159445 0.0158 0.0410453 
v 0.1595 0.0158 0.04 
v 0.1465 0.0158 -2.39557e-17 
v 0.146814 -1.64343e-05 0.034093 
v 0.146657 -4.1114e-06 -4.1114e-06 
v 0.147124 -6.55572e-05 0.0340815 
v 0.146814 -1.64343e-05 -1.64343e-05 
v 0.146969 -3.6935e-05 -3.6935e-05 
v 0.147427 -0.00014683 0.0340624 
v 0.147124 -6.55572e-05 -6.55572e-05 
v 0.147276 -0.000102223 -0.000102223 
v 0.14772 -0.000259364 0.0340356 
v 0.147427 -0.00014683 -0.00014683 
v 0.147575 -0.000199259 -0.000199259 
v 0.148 -0.000401924 0.0340011 
v 0.14772 -0.000259364 -0.000259364 
v 0.147862 -0.00032698 -0.00032698 
v 0.148263 -0.000572949 0.0339589 
v 0.148 -0.000401924 -0.000401924 
v 0.148134 -0.000483988 -0.000483988 
v 0.148507 -0.000770566 0.033909 
v 0.148263 -0.000572949 -0.000572949 
v 0.148729 -0.000992608 0.0338515 
v 0.148507 -0.000770566 -0.000770566 
v 0.148927 -0.00123664 0.0337864 
v 0.148729 -0.000992608 -0.000992608 
v 0.149098 -0.0015 0.0337141 
v 0.148927 -0.00123664 -0.00123664 
v 0.149241 -0.00177979 0.0336348 
v 0.149098 -0.0015 -0.0015 
v 0.149353 -0.00207295 0.0335491 
v 0.149241 -0.00177979 -0.00177979 
v 0.149434 -0.00237626 0.0334574 
v 0.149353 -0.00207295 -0.00207295 
v 0.149484 -0.00268641 0.0333606 
v 0.149434 -0.00237626 -0.00237626 
v 0.1495 -0.003 0.0332594 
v 0.149484 -0.00268641 -0.00268641 
v 0.1495 -0.003 -0.003 
v 0.1595 -0.00362672 0.0330475 
v 0.1495 -0.00362672 0.0330475 
v 0.1495 -0.00711931 0.0316136 
v 0.1595 -0.00711931 0.0316136 
v 0.1495 -0.0104371 0.0298119 
v 0.1595 -0.0104371 0.0298119 
v 0.1495 -0.0135416 0.0276633 
v 0.1595 -0.0135416 0.0276633 
v 0.1495 -0.0163966 0.0251928 
v 0.1595 -0.0163966 0.0251928 
v 0.1495 -0.0189688 0.0224292 
v 0.1595 -0.0189688 0.0224292 
v 0.1495 -0.0212284 0.0194045 
v 0.1595 -0.0212284 0.0194045 
v 0.1495 -0.0231491 0.0161541 
v 0.1595 -0.0231491 0.0161541 
v 0.1495 -0.0247084 0.0127157 
v 0.1595 -0.0247084 0.0127157 
v 0.1495 -0.0258884 0.00912939 
v 0.1595 -0.0258884 0.00912939 
v 0.1495 -0.0266752 0.00543681 
v 0.1595 -0.0266752 0.00543681 
v 0.1495 -0.0270596 0.00168097 
v 0.1595 -0.0270596 0.00168097 
v 0.1495 -0.0270373 -0.00209443 
v 0.1595 -0.0270373 -0.00209443 
v 0.1495 -0.0266084 -0.00584546 
v 0.1595 -0.0266084 -0.00584546 
v 0.1495 -0.025778 -0.00952847 
v 0.1595 -0.025778 -0.00952847 
v 0.1495 -0.0245557 -0.0131006 
v 0.1595 -0.0245557 -0.0131006 
v 0.1495 -0.0229558 -0.0165203 
v 0.1595 -0.0229558 -0.0165203 
v 0.1495 -0.0209968 -0.0197478 
v 0.1595 -0.0209968 -0.0197478 
v 0.1495 -0.0187016 -0.0227455 
v 0.1595 -0.0187016 -0.0227455 
v 0.1495 -0.0160968 -0.0254785 
v 0.1595 -0.0160968 -0.0254785 
v 0.1495 -0.0132128 -0.027915 
v 0.1595 -0.0132128 -0.027915 
v 0.1495 -0.0100832 -0.0300267 
v 0.1595 -0.0100832 -0.0300267 
v 0.1495 -0.00674426 -0.0317891 
v 0.1595 -0.00674426 -0.0317891 
v 0.1495 -0.00323495 -0.0331815 
v 0.1595 -0.00323495 -0.0331815 
v 0.1495 0.000403926 -0.0341878 
v 0.1595 0.000403926 -0.0341878 
v 0.1495 0.00413003 -0.0347964 
v 0.1595 0.00413003 -0.0347964 
v 0.1495 0.0079 -0.035 
v 0.1595 0.0079 -0.035 
v 0.1495 0.01167 -0.0347964 
v 0.1595 0.01167 -0.0347964 
v 0.1495 0.0153961 -0.0341878 
v 0.1595 0.0153961 -0.0341878 
v 0.1495 0.019035 -0.0331815 
v 0.1595 0.019035 -0.0331815 
v 0.1495 0.0225443 -0.0317891 
v 0.1595 0.0225443 -0.0317891 
v 0.1495 0.0258832 -0.0300267 
v 0.1595 0.0258832 -0.0300267 
v 0.1495 0.0290128 -0.027915 
v 0.1595 0.0290128 -0.027915 
v 0.1495 0.0318968 -0.0254785 
v 0.1595 0.0318968 -0.0254785 
v 0.1495 0.0345016 -0.0227455 
v 0.1595 0.0345016 -0.0227455 
v 0.1495 0.0367968 -0.0197478 
v 0.1595 0.0367968 -0.0197478 
v 0.1495 0.0387558 -0.0165203 
v 0.1595 0.0387558 -0.0165203 
v 0.1495 0.0403557 -0.0131006 
v 0.1595 0.0403557 -0.0131006 
v 0.1495 0.041578 -0.00952847 
v 0.1595 0.041578 -0.00952847 
v 0.1495 0.0424084 -0.00584546 
v 0.1595 0.0424084 -0.00584546 
v 0.1495 0.0428373 -0.00209443 
v 0.1595 0.0428373 -0.00209443 
v 0.1495 0.0428596 0.00168097 
v 0.1595 0.0428596 0.00168097 
v 0.1495 0.0424752 0.00543681 
v 0.1595 0.0424752 0.00543681 
v 0.1495 0.0416884 0.00912939 
v 0.1595 0.0416884 0.00912939 
v 0.1495 0.0405084 0.0127157 
v 0.1595 0.0405084 0.0127157 
v 0.1495 0.0389491 0.0161541 
v 0.1595 0.0389491 0.0161541 
v 0.1495 0.0370284 0.0194045 
v 0.1595 0.0370284 0.0194045 
v 0.1495 0.0347688 0.0224292 
v 0.1595 0.0347688 0.0224292 
v 0.1495 0.0321966 0.0251928 
v 0.1595 0.0321966 0.0251928 
v 0.1495 0.0293416 0.0276633 
v 0.1595 0.0293416 0.0276633 
v 0.1495 0.0262371 0.0298119 
v 0.1595 0.0262371 0.0298119 
v 0.1495 0.0229193 0.0316136 
v 0.1595 0.0229193 0.0316136 
v 0.1495 0.0194267 0.0330475 
v 0.1595 0.0194267 0.0330475 
v 0.1495 0.0188 0.0332594 
v 0.149484 0.0184864 0.0333606 
v 0.1595 0.0158 0.0340968 
v 0.149434 0.0181763 0.0334574 
v 0.149353 0.0178729 0.0335491 
v 0.149241 0.0175798 0.0336348 
v 0.149098 0.0173 0.0337141 
v 0.148927 0.0170366 0.0337864 
v 0.148729 0.0167926 0.0338515 
v 0.148507 0.0165706 0.033909 
v 0.148263 0.0163729 0.0339589 
v 0.148 0.0162019 0.0340011 
v 0.14772 0.0160594 0.0340356 
v 0.147427 0.0159468 0.0340624 
v 0.147124 0.0158656 0.0340815 
v 0.146814 0.0158164 0.034093 
v 0.1465 0.0158 0.0340968 
v 0.146657 0.0158041 -4.1114e-06 
v 0.146814 0.0158164 -1.64343e-05 
v 0.146969 0.0158369 -3.6935e-05 
v 0.147124 0.0158656 -6.55572e-05 
v 0.147276 0.0159022 -0.000102223 
v 0.147427 0.0159468 -0.00014683 
v 0.147575 0.0159993 -0.000199259 
v 0.14772 0.0160594 -0.000259364 
v 0.147862 0.016127 -0.00032698 
v 0.148 0.0162019 -0.000401924 
v 0.148134 0.016284 -0.000483988 
v 0.148263 0.0163729 -0.000572949 
v 0.148507 0.0165706 -0.000770566 
v 0.148729 0.0167926 -0.000992608 
v 0.149098 0.0173 -0.0015 
v 0.149241 0.0175798 -0.00177979 
v 0.149434 0.0181763 -0.00237626 
v 0.149484 0.0184864 -0.00268641 
v 0.1495 0.0188 -0.003 
v 0.149353 0.0178729 -0.00207295 
v 0.148927 0.0170366 -0.00123664 
v 0.0796 0.0158 0.03685 
v -0.0796 0.0158 0.03685 
v -0.0796 0.0158 -0.005 
v 0.0796 0.0158 -0.005 
v 0.0796 0.0146 0.03685 
v 0.0796 0.0146 -0.005 
v -0.0796 0.0146 0.03685 
v -0.0796 0.0146 -0.005 
v 0.0797289 0.0142658 0.0369789 
v -0.07975 0.0142429 0.037 
v -0.0797289 0.0142658 0.0369789 
v 0.0797163 0.0142794 0.0369663 
v 0.07975 0.0142429 0.037 
v 0.0796959 0.0143064 0.0369459 
v -0.0797163 0.0142794 0.0369663 
v -0.0796959 0.0143064 0.0369459 
v 0.0796864 0.0143191 0.0369364 
v -0.0796864 0.0143191 0.0369364 
v 0.079667 0.01435 0.036917 
v -0.079667 0.01435 0.036917 
v 0.0796605 0.0143616 0.0369105 
v -0.0796605 0.0143616 0.0369105 
v 0.0796432 0.0143966 0.0368932 
v -0.0796432 0.0143966 0.0368932 
v 0.079639 0.0144064 0.036889 
v -0.079639 0.0144064 0.036889 
v 0.0796245 0.0144455 0.0368745 
v -0.0796245 0.0144455 0.0368745 
v 0.0796222 0.0144531 0.0368722 
v -0.0796221 0.0144531 0.0368721 
v 0.07961 0.0145013 0.03686 
v -0.079616 0.0144744 0.036866 
v -0.079611 0.0144961 0.036861 
v 0.0796109 0.014496 0.0368609 
v -0.0796099 0.0145012 0.0368599 
v 0.079616 0.0144744 0.036866 
v 0.0796025 0.0145504 0.0368525 
v -0.0796057 0.0145244 0.0368557 
v -0.0796028 0.0145477 0.0368528 
v 0.0796027 0.0145477 0.0368527 
v -0.0796025 0.0145504 0.0368525 
v 0.0796057 0.0145244 0.0368557 
v 0.0796006 0.0145752 0.0368506 
v -0.0796006 0.0145752 0.0368506 
v 0.0801 0.0141 -0.005 
v 0.0801 0.0141 0.037 
v 0.0800477 0.0141027 0.037 
v 0.0800477 0.0141027 -0.005 
v 0.079996 0.0141109 0.037 
v 0.079996 0.0141109 -0.005 
v 0.0799455 0.0141245 0.037 
v 0.0799455 0.0141245 -0.005 
v 0.0798966 0.0141432 0.037 
v 0.0798966 0.0141432 -0.005 
v 0.07985 0.014167 0.037 
v 0.07985 0.014167 -0.005 
v 0.0798061 0.0141955 0.037 
v 0.0798061 0.0141955 -0.005 
v 0.0797654 0.0142284 0.037 
v 0.0797654 0.0142284 -0.005 
v 0.0797284 0.0142654 -0.005 
v 0.0796955 0.0143061 -0.005 
v 0.079667 0.01435 -0.005 
v 0.0796432 0.0143966 -0.005 
v 0.0796245 0.0144455 -0.005 
v 0.0796109 0.014496 -0.005 
v 0.0796027 0.0145477 -0.005 
v -0.0801 0.0141 0.037 
v -0.0801 0.0141 -0.005 
v -0.0800477 0.0141027 -0.005 
v -0.0800477 0.0141027 0.037 
v -0.079996 0.0141109 -0.005 
v -0.079996 0.0141109 0.037 
v -0.0799455 0.0141245 -0.005 
v -0.0799455 0.0141245 0.037 
v -0.0798966 0.0141432 -0.005 
v -0.0798966 0.0141432 0.037 
v -0.07985 0.014167 -0.005 
v -0.07985 0.014167 0.037 
v -0.0798061 0.0141955 -0.005 
v -0.0798061 0.0141955 0.037 
v -0.0797654 0.0142284 -0.005 
v -0.0796027 0.0145477 -0.005 
v -0.0796109 0.014496 -0.005 
v -0.0796245 0.0144455 -0.005 
v -0.0796432 0.0143966 -0.005 
v -0.079667 0.01435 -0.005 
v -0.0796955 0.0143061 -0.005 
v -0.0797284 0.0142654 -0.005 
v -0.0797654 0.0142284 0.037 
v -0.0806 0.0141 0.037 
v -0.0806 0.0141 -0.005 
v 0.0806 0.0141 -0.005 
v 0.0806 0.0141 0.037 
v 0.0806 0.00551 -0.005 
v -0.0806 0.00551 -0.005 
v -0.0806 0.00551 0.037 
v 0.0806 0.00551 0.037 
v 0.1595 0.0252209 0.0209583 
v 0.1595 0.0255777 0.0209777 
v 0.1595 0.0238763 -0.01485 
v 0.1595 -0.00726253 0.019814 
v 0.1595 0.0259345 0.0209583 
v 0.1595 0.0262871 0.0209005 
v 0.1595 -0.00750826 0.0200735 
v 0.1595 -0.012509 0.0195296 
v 0.1595 -0.0122928 0.019814 
v 0.1595 0.0228463 -0.0158258 
v 0.1595 -0.00648251 0.017499 
v 0.1595 -0.00750826 -0.0152819 
v 0.1595 -0.0070463 0.0195296 
v 0.1595 -0.00686208 0.0192234 
v 0.1595 0.0222825 -0.0178563 
v 0.1595 -0.00648251 -0.0178563 
v 0.1595 -0.00652114 -0.0182116 
v 0.1595 0.0222825 -0.017499 
v 0.1595 0.0266314 0.0208049 
v 0.1595 0.024524 0.0208049 
v 0.1595 0.0248683 0.0209005 
v 0.1595 0.0238763 0.0205053 
v 0.1595 0.024192 0.0206727 
v 0.1595 0.0233083 -0.0152819 
v 0.1595 0.0235806 -0.0150506 
v 0.1595 -0.00872397 0.0208049 
v 0.1595 -0.0120471 0.0200735 
v 0.1595 -0.0126933 0.0192234 
v 0.1595 -0.0130728 0.017499 
v 0.1595 -0.0130728 0.0178563 
v 0.1595 -0.0104871 -0.0144548 
v 0.1595 -0.0120471 0.0152819 
v 0.1595 -0.0122928 0.0155413 
v 0.1595 -0.0120471 -0.0152819 
v 0.1595 -0.0122928 -0.0155413 
v 0.1595 -0.012509 -0.0158258 
v 0.1595 -0.0126933 -0.0161319 
v 0.1595 -0.0129574 -0.0167948 
v 0.1595 -0.0128433 -0.0188991 
v 0.1595 -0.00726253 -0.0155413 
v 0.1595 0.0223211 -0.0171438 
v 0.1595 0.022398 -0.0167948 
v 0.1595 -0.0070463 -0.0158258 
v 0.1595 -0.00648251 0.0178563 
v 0.1595 -0.00659795 0.0185605 
v 0.1595 -0.00652114 0.0182116 
v 0.1595 -0.00671205 -0.0188991 
v 0.1595 -0.00686208 -0.0192234 
v 0.1595 -0.00648251 -0.017499 
v 0.1595 -0.00659795 -0.0167948 
v 0.1595 -0.00652114 -0.0171438 
v 0.1595 0.0269633 0.0206727 
v 0.1595 0.0235806 0.0203048 
v 0.1595 0.0230625 0.019814 
v 0.1595 0.0233083 0.0200735 
v 0.1595 0.0223211 0.0182116 
v 0.1595 0.022398 0.0185605 
v 0.1595 -0.00778059 0.0203048 
v 0.1595 -0.00906827 0.0209005 
v 0.1595 -0.00942088 0.0209583 
v 0.1595 -0.0104871 0.0209005 
v 0.1595 -0.0111633 0.0206727 
v 0.1595 -0.0108314 0.0208049 
v 0.1595 -0.0117747 0.0203048 
v 0.1595 -0.011479 0.0205053 
v 0.1595 -0.0130342 0.0171438 
v 0.1595 -0.0126933 0.0161319 
v 0.1595 -0.012509 0.0158258 
v 0.1595 -0.0128433 -0.0164562 
v 0.1595 -0.0130342 -0.0171438 
v 0.1595 -0.0129574 -0.0185605 
v 0.1595 -0.0120471 -0.0200735 
v 0.1595 -0.0122928 -0.019814 
v 0.1595 0.022512 -0.0164562 
v 0.1595 0.0226621 -0.0161319 
v 0.1595 -0.00671205 0.0188991 
v 0.1595 -0.00659795 -0.0185605 
v 0.1595 0.0286433 0.0164562 
v 0.1595 0.0284933 0.0161319 
v 0.1595 0.0222825 0.0178563 
v 0.1595 0.024524 -0.0145504 
v 0.1595 0.0248683 -0.0144548 
v 0.1595 0.0235806 0.0150506 
v 0.1595 -0.00807634 0.0205053 
v 0.1595 -0.00839204 0.0206727 
v 0.1595 -0.00977767 0.0209777 
v 0.1595 -0.0101345 0.0209583 
v 0.1595 -0.0130342 0.0182116 
v 0.1595 -0.0130728 -0.017499 
v 0.1595 -0.0130342 -0.0182116 
v 0.1595 -0.012509 -0.0195296 
v 0.1595 -0.0126933 -0.0192234 
v 0.1595 -0.011479 -0.0205053 
v 0.1595 -0.0117747 -0.0203048 
v 0.1595 0.0223211 -0.0182116 
v 0.1595 -0.0070463 -0.0195296 
v 0.1595 -0.00726253 -0.019814 
v 0.1595 0.022512 -0.0188991 
v 0.1595 0.022398 -0.0185605 
v 0.1595 0.0287574 -0.0185605 
v 0.1595 0.0286433 -0.0188991 
v 0.1595 0.0287574 0.0167948 
v 0.1595 0.0228463 0.0195296 
v 0.1595 0.022512 0.0188991 
v 0.1595 0.024192 -0.0146827 
v 0.1595 -0.0129574 0.0185605 
v 0.1595 -0.0128433 0.0188991 
v 0.1595 -0.0129574 0.0167948 
v 0.1595 -0.0128433 0.0164562 
v 0.1595 -0.0111633 -0.0206727 
v 0.1595 -0.0104871 -0.0209005 
v 0.1595 -0.0108314 -0.0208049 
v 0.1595 -0.0101345 -0.0209583 
v 0.1595 -0.00807634 -0.01485 
v 0.1595 -0.00778059 -0.0150506 
v 0.1595 -0.00671205 -0.0164562 
v 0.1595 -0.00686208 -0.0161319 
v 0.1595 -0.00942088 0.014397 
v 0.1595 -0.00977767 0.0143777 
v 0.1595 -0.00977767 -0.0143777 
v 0.1595 0.0259345 0.014397 
v 0.1595 0.0255777 0.0143777 
v 0.1595 0.0255777 -0.0143777 
v 0.1595 0.0262871 -0.0144548 
v 0.1595 0.027279 0.01485 
v 0.1595 0.0269633 0.0146827 
v 0.1595 0.0280928 0.0155413 
v 0.1595 0.0278471 0.0152819 
v 0.1595 0.028309 0.0158258 
v 0.1595 0.0288342 0.0171438 
v 0.1595 0.0280928 0.019814 
v 0.1595 0.0226621 0.0192234 
v 0.1595 -0.011479 0.01485 
v 0.1595 -0.0117747 0.0150506 
v 0.1595 -0.0108314 0.0145504 
v 0.1595 -0.0111633 0.0146827 
v 0.1595 -0.0111633 -0.0146827 
v 0.1595 -0.011479 -0.01485 
v 0.1595 -0.0130728 -0.0178563 
v 0.1595 -0.00977767 -0.0209777 
v 0.1595 -0.00942088 -0.0209583 
v 0.1595 -0.00839204 -0.0206727 
v 0.1595 -0.00872397 -0.0208049 
v 0.1595 -0.00750826 -0.0200735 
v 0.1595 -0.00778059 -0.0203048 
v 0.1595 -0.00942088 -0.014397 
v 0.1595 -0.00906827 -0.0144548 
v 0.1595 -0.0070463 0.0158258 
v 0.1595 -0.00726253 0.0155413 
v 0.1595 -0.00659795 0.0167948 
v 0.1595 -0.00671205 0.0164562 
v 0.1595 -0.00652114 0.0171438 
v 0.1595 0.0226621 -0.0192234 
v 0.1595 0.0259345 -0.0209583 
v 0.1595 0.0269633 -0.0206727 
v 0.1595 0.0266314 -0.0208049 
v 0.1595 0.027279 -0.0205053 
v 0.1595 0.0280928 -0.019814 
v 0.1595 0.0284933 -0.0192234 
v 0.1595 0.028309 -0.0195296 
v 0.1595 0.0288342 -0.0182116 
v 0.1595 0.0287574 -0.0167948 
v 0.1595 0.0288342 -0.0171438 
v 0.1595 0.0284933 -0.0161319 
v 0.1595 0.0286433 -0.0164562 
v 0.1595 0.028309 -0.0158258 
v 0.1595 0.0280928 -0.0155413 
v 0.1595 0.0266314 -0.0145504 
v 0.1595 0.0269633 -0.0146827 
v 0.1595 0.0259345 -0.014397 
v 0.1595 0.0266314 0.0145504 
v 0.1595 0.0262871 0.0144548 
v 0.1595 0.0275747 0.0150506 
v 0.1595 0.0288728 0.017499 
v 0.1595 0.0287574 0.0185605 
v 0.1595 0.0288342 0.0182116 
v 0.1595 0.0284933 0.0192234 
v 0.1595 0.0286433 0.0188991 
v 0.1595 0.028309 0.0195296 
v 0.1595 0.027279 0.0205053 
v 0.1595 0.022512 0.0164562 
v 0.1595 0.022398 0.0167948 
v 0.1595 0.0230625 -0.0155413 
v 0.1595 -0.0101345 0.014397 
v 0.1595 -0.0101345 -0.014397 
v 0.1595 -0.0108314 -0.0145504 
v 0.1595 -0.0117747 -0.0150506 
v 0.1595 -0.00906827 -0.0209005 
v 0.1595 -0.00807634 -0.0205053 
v 0.1595 -0.00906827 0.0144548 
v 0.1595 -0.00807634 0.01485 
v 0.1595 -0.00839204 0.0146827 
v 0.1595 -0.00686208 0.0161319 
v 0.1595 0.0228463 -0.0195296 
v 0.1595 0.024524 -0.0208049 
v 0.1595 0.0262871 -0.0209005 
v 0.1595 0.0278471 -0.0200735 
v 0.1595 0.0275747 -0.0203048 
v 0.1595 0.0288728 -0.0178563 
v 0.1595 0.0288728 -0.017499 
v 0.1595 0.0278471 -0.0152819 
v 0.1595 0.0275747 -0.0150506 
v 0.1595 0.027279 -0.01485 
v 0.1595 0.0288728 0.0178563 
v 0.1595 0.0278471 0.0200735 
v 0.1595 0.0275747 0.0203048 
v 0.1595 0.0222825 0.017499 
v 0.1595 0.0223211 0.0171438 
v 0.1595 0.0233083 0.0152819 
v 0.1595 0.0230625 0.0155413 
v 0.1595 0.0252209 0.014397 
v 0.1595 0.0252209 -0.014397 
v 0.1595 -0.0104871 0.0144548 
v 0.1595 -0.00872397 -0.0145504 
v 0.1595 -0.00872397 0.0145504 
v 0.1595 -0.00778059 0.0150506 
v 0.1595 0.0230625 -0.019814 
v 0.1595 0.0233083 -0.0200735 
v 0.1595 0.0235806 -0.0203048 
v 0.1595 0.0238763 -0.0205053 
v 0.1595 0.0248683 -0.0209005 
v 0.1595 0.0252209 -0.0209583 
v 0.1595 0.0228463 0.0158258 
v 0.1595 0.024524 0.0145504 
v 0.1595 0.024192 0.0146827 
v 0.1595 0.0248683 0.0144548 
v 0.1595 -0.00839204 -0.0146827 
v 0.1595 -0.00750826 0.0152819 
v 0.1595 0.024192 -0.0206727 
v 0.1595 0.0255777 -0.0209777 
v 0.1595 0.0238763 0.01485 
v 0.1595 0.0226621 0.0161319 
v 0.1495 -0.00942088 -0.0209583 
v 0.1495 -0.0101345 -0.0209583 
v 0.1495 -0.00977767 -0.0209777 
v 0.1495 -0.00906827 -0.0209005 
v 0.1495 -0.00872397 -0.0208049 
v 0.1495 -0.011479 -0.0205053 
v 0.1495 -0.00839204 -0.0206727 
v 0.1495 -0.0104871 -0.0209005 
v 0.1495 -0.0111633 -0.0206727 
v 0.1495 -0.0108314 -0.0208049 
v 0.1495 -0.0117747 -0.0203048 
v 0.1495 -0.0122928 -0.019814 
v 0.1495 -0.0129574 -0.0185605 
v 0.1495 -0.0128433 -0.0188991 
v 0.1495 -0.00726253 -0.019814 
v 0.1495 0.0223211 -0.0182116 
v 0.1495 0.022398 -0.0185605 
v 0.1495 -0.0070463 -0.0195296 
v 0.1495 -0.00659795 -0.0185605 
v 0.1495 0.022398 -0.0167948 
v 0.1495 -0.0120471 -0.0200735 
v 0.1495 -0.0130342 -0.0182116 
v 0.1495 0.0222825 -0.0178563 
v 0.1495 -0.00750826 -0.0200735 
v 0.1495 0.0223211 -0.0171438 
v 0.1495 -0.012509 -0.0195296 
v 0.1495 -0.0126933 -0.0192234 
v 0.1495 -0.0130728 -0.0178563 
v 0.1495 -0.0129574 -0.0167948 
v 0.1495 -0.0130342 -0.0171438 
v 0.1495 0.022512 -0.0188991 
v 0.1495 -0.00807634 -0.0205053 
v 0.1495 -0.00778059 -0.0203048 
v 0.1495 -0.00671205 -0.0188991 
v 0.1495 -0.00686208 -0.0192234 
v 0.1495 0.022512 -0.0164562 
v 0.1495 0.0235806 -0.0150506 
v 0.1495 0.0233083 -0.0152819 
v 0.1495 -0.0104871 -0.0144548 
v 0.1495 -0.0130728 0.017499 
v 0.1495 -0.00671205 0.0188991 
v 0.1495 -0.00686208 0.0192234 
v 0.1495 0.0252209 -0.0209583 
v 0.1495 0.0255777 -0.0209777 
v 0.1495 0.0226621 -0.0161319 
v 0.1495 0.024524 -0.0145504 
v 0.1495 0.024192 -0.0146827 
v 0.1495 -0.0130728 -0.017499 
v 0.1495 -0.0128433 -0.0164562 
v 0.1495 -0.0126933 -0.0161319 
v 0.1495 -0.011479 -0.01485 
v 0.1495 -0.0117747 -0.0150506 
v 0.1495 -0.0111633 -0.0146827 
v 0.1495 -0.0130728 0.0178563 
v 0.1495 -0.0070463 0.0195296 
v 0.1495 -0.00648251 0.0178563 
v 0.1495 -0.00652114 0.0182116 
v 0.1495 -0.00652114 0.0171438 
v 0.1495 -0.00648251 0.017499 
v 0.1495 0.0259345 -0.0209583 
v 0.1495 0.0262871 -0.0209005 
v 0.1495 0.0222825 -0.017499 
v 0.1495 0.0228463 -0.0158258 
v 0.1495 0.0230625 -0.0155413 
v 0.1495 0.0238763 -0.01485 
v 0.1495 -0.012509 -0.0158258 
v 0.1495 -0.0122928 -0.0155413 
v 0.1495 -0.0120471 -0.0152819 
v 0.1495 -0.0108314 -0.0145504 
v 0.1495 -0.00977767 -0.0143777 
v 0.1495 -0.0101345 -0.014397 
v 0.1495 -0.00659795 0.0185605 
v 0.1495 -0.00906827 -0.0144548 
v 0.1495 -0.00659795 0.0167948 
v 0.1495 -0.00750826 0.0152819 
v 0.1495 -0.00726253 0.0155413 
v 0.1495 0.028309 0.0195296 
v 0.1495 0.0280928 0.019814 
v 0.1495 0.0262871 -0.0144548 
v 0.1495 0.0284933 0.0161319 
v 0.1495 0.027279 0.01485 
v 0.1495 0.0275747 0.0150506 
v 0.1495 0.0238763 0.01485 
v 0.1495 0.024192 0.0146827 
v 0.1495 0.0266314 -0.0145504 
v 0.1495 0.0286433 -0.0188991 
v 0.1495 0.0269633 -0.0206727 
v 0.1495 0.027279 -0.0205053 
v 0.1495 0.0266314 -0.0208049 
v 0.1495 0.024524 -0.0208049 
v 0.1495 0.0248683 -0.0209005 
v 0.1495 0.0238763 -0.0205053 
v 0.1495 0.024192 -0.0206727 
v 0.1495 0.0235806 -0.0203048 
v 0.1495 0.0226621 -0.0192234 
v 0.1495 0.0228463 -0.0195296 
v 0.1495 -0.0130342 0.0182116 
v 0.1495 -0.011479 0.0205053 
v 0.1495 -0.0104871 0.0209005 
v 0.1495 -0.0108314 0.0208049 
v 0.1495 -0.00671205 0.0164562 
v 0.1495 -0.0070463 0.0158258 
v 0.1495 -0.00686208 0.0161319 
v 0.1495 -0.00778059 0.0150506 
v 0.1495 0.0262871 0.0209005 
v 0.1495 0.0269633 0.0206727 
v 0.1495 0.0266314 0.0208049 
v 0.1495 0.0275747 0.0203048 
v 0.1495 0.027279 0.0205053 
v 0.1495 0.0284933 0.0192234 
v 0.1495 0.0287574 0.0167948 
v 0.1495 0.0288342 0.0171438 
v 0.1495 0.0286433 0.0164562 
v 0.1495 0.0280928 0.0155413 
v 0.1495 0.028309 0.0158258 
v 0.1495 0.0278471 0.0152819 
v 0.1495 0.0266314 0.0145504 
v 0.1495 0.0269633 0.0146827 
v 0.1495 0.0248683 0.0144548 
v 0.1495 0.0252209 0.014397 
v 0.1495 0.024524 0.0145504 
v 0.1495 0.0269633 -0.0146827 
v 0.1495 0.027279 -0.01485 
v 0.1495 0.0275747 -0.0150506 
v 0.1495 0.0278471 -0.0152819 
v 0.1495 0.0280928 -0.0155413 
v 0.1495 0.028309 -0.0158258 
v 0.1495 0.0284933 -0.0161319 
v 0.1495 0.0287574 -0.0167948 
v 0.1495 0.0287574 -0.0185605 
v 0.1495 0.0288342 -0.0182116 
v 0.1495 0.0284933 -0.0192234 
v 0.1495 0.0233083 -0.0200735 
v 0.1495 0.0230625 -0.019814 
v 0.1495 -0.0129574 0.0185605 
v 0.1495 -0.0128433 0.0188991 
v 0.1495 -0.012509 0.0195296 
v 0.1495 -0.0126933 0.0192234 
v 0.1495 -0.0122928 0.019814 
v 0.1495 -0.0117747 0.0203048 
v 0.1495 -0.0111633 0.0206727 
v 0.1495 -0.00872397 0.0208049 
v 0.1495 -0.00906827 0.0209005 
v 0.1495 -0.00839204 0.0206727 
v 0.1495 -0.00726253 0.019814 
v 0.1495 -0.00750826 0.0200735 
v 0.1495 -0.0126933 0.0161319 
v 0.1495 -0.012509 0.0158258 
v 0.1495 -0.0129574 0.0167948 
v 0.1495 -0.0128433 0.0164562 
v 0.1495 -0.0130342 0.0171438 
v 0.1495 0.0259345 0.0209583 
v 0.1495 0.0278471 0.0200735 
v 0.1495 0.0287574 0.0185605 
v 0.1495 0.0286433 0.0188991 
v 0.1495 0.0288728 0.0178563 
v 0.1495 0.0288342 0.0182116 
v 0.1495 0.0262871 0.0144548 
v 0.1495 0.0233083 0.0152819 
v 0.1495 0.0235806 0.0150506 
v 0.1495 0.0228463 0.0158258 
v 0.1495 0.0230625 0.0155413 
v 0.1495 0.022512 0.0164562 
v 0.1495 0.0226621 0.0161319 
v 0.1495 0.0286433 -0.0164562 
v 0.1495 0.0288728 -0.017499 
v 0.1495 0.0288342 -0.0171438 
v 0.1495 0.0280928 -0.019814 
v 0.1495 0.028309 -0.0195296 
v 0.1495 0.0278471 -0.0200735 
v 0.1495 0.0255777 -0.0143777 
v 0.1495 0.0252209 -0.014397 
v 0.1495 -0.0120471 0.0200735 
v 0.1495 -0.00778059 0.0203048 
v 0.1495 -0.00872397 0.0145504 
v 0.1495 -0.00839204 0.0146827 
v 0.1495 -0.011479 0.01485 
v 0.1495 -0.0111633 0.0146827 
v 0.1495 -0.0122928 0.0155413 
v 0.1495 -0.00671205 -0.0164562 
v 0.1495 -0.00686208 -0.0161319 
v 0.1495 -0.00652114 -0.0182116 
v 0.1495 0.024192 0.0206727 
v 0.1495 0.024524 0.0208049 
v 0.1495 0.0288728 0.017499 
v 0.1495 0.0255777 0.0143777 
v 0.1495 0.0259345 0.014397 
v 0.1495 0.0288728 -0.0178563 
v 0.1495 0.0275747 -0.0203048 
v 0.1495 0.0248683 -0.0144548 
v 0.1495 -0.00807634 0.0205053 
v 0.1495 -0.00906827 0.0144548 
v 0.1495 -0.00942088 0.014397 
v 0.1495 -0.00942088 -0.014397 
v 0.1495 -0.0104871 0.0144548 
v 0.1495 -0.0101345 0.014397 
v 0.1495 -0.0108314 0.0145504 
v 0.1495 -0.0120471 0.0152819 
v 0.1495 -0.0117747 0.0150506 
v 0.1495 -0.0070463 -0.0158258 
v 0.1495 -0.00648251 -0.017499 
v 0.1495 -0.00652114 -0.0171438 
v 0.1495 -0.00648251 -0.0178563 
v 0.1495 0.0248683 0.0209005 
v 0.1495 0.0252209 0.0209583 
v 0.1495 0.0222825 0.017499 
v 0.1495 0.0223211 0.0171438 
v 0.1495 -0.0101345 0.0209583 
v 0.1495 -0.00942088 0.0209583 
v 0.1495 -0.00977767 0.0209777 
v 0.1495 -0.00807634 0.01485 
v 0.1495 -0.00839204 -0.0146827 
v 0.1495 -0.00872397 -0.0145504 
v 0.1495 -0.00659795 -0.0167948 
v 0.1495 0.022398 0.0185605 
v 0.1495 0.0223211 0.0182116 
v 0.1495 0.0255777 0.0209777 
v 0.1495 0.022398 0.0167948 
v 0.1495 0.0259345 -0.014397 
v 0.1495 -0.00977767 0.0143777 
v 0.1495 -0.00807634 -0.01485 
v 0.1495 -0.00726253 -0.0155413 
v 0.1495 -0.00750826 -0.0152819 
v 0.1495 0.0222825 0.0178563 
v 0.1495 0.022512 0.0188991 
v 0.1495 0.0228463 0.0195296 
v 0.1495 0.0226621 0.0192234 
v 0.1495 0.0238763 0.0205053 
v 0.1495 0.0235806 0.0203048 
v 0.1495 -0.00778059 -0.0150506 
v 0.1495 0.0233083 0.0200735 
v 0.1495 0.0230625 0.019814 
vn -0.994138 0.108119 6.391e-16 
vn -1 2.44929e-16 6.42868e-16 
vn -0.976621 0.21497 6.27838e-16 
vn -0.994138 0.108119 6.391e-16 
vn -0.947653 0.319302 6.09216e-16 
vn -0.976621 0.21497 6.27838e-16 
vn -0.907575 0.419889 5.83451e-16 
vn -0.947653 0.319302 6.09216e-16 
vn -0.856857 0.515554 5.50846e-16 
vn -0.907575 0.419889 5.83451e-16 
vn -0.796093 0.605174 5.11783e-16 
vn -0.856857 0.515554 5.50846e-16 
vn -0.725995 0.687699 4.66719e-16 
vn -0.796093 0.605174 5.11783e-16 
vn -0.647386 0.762162 4.16184e-16 
vn -0.725995 0.687699 4.66719e-16 
vn -0.561187 0.827689 3.60769e-16 
vn -0.647386 0.762162 4.16184e-16 
vn -0.468408 0.883512 3.01125e-16 
vn -0.561187 0.827689 3.60769e-16 
vn -0.370138 0.928977 2.3795e-16 
vn -0.468408 0.883512 3.01125e-16 
vn -0.267528 0.96355 1.71985e-16 
vn -0.370138 0.928977 2.3795e-16 
vn -0.161782 0.986827 1.04004e-16 
vn -0.267528 0.96355 1.71985e-16 
vn -0.0541389 0.998533 3.48042e-17 
vn -0.161782 0.986827 1.04004e-16 
vn 0.0541389 0.998533 -3.48042e-17 
vn -0.0541389 0.998533 3.48042e-17 
vn 0.161782 0.986827 -1.04004e-16 
vn 0.0541389 0.998533 -3.48042e-17 
vn 0.267528 0.96355 -1.71985e-16 
vn 0.161782 0.986827 -1.04004e-16 
vn 0.370138 0.928977 -2.3795e-16 
vn 0.267528 0.96355 -1.71985e-16 
vn 0.468408 0.883512 -3.01125e-16 
vn 0.370138 0.928977 -2.3795e-16 
vn 0.561187 0.827689 -3.60769e-16 
vn 0.468408 0.883512 -3.01125e-16 
vn 0.647386 0.762162 -4.16184e-16 
vn 0.561187 0.827689 -3.60769e-16 
vn 0.725995 0.687699 -4.66719e-16 
vn 0.647386 0.762162 -4.16184e-16 
vn 0.796093 0.605174 -5.11783e-16 
vn 0.725995 0.687699 -4.66719e-16 
vn 0.856857 0.515554 -5.50846e-16 
vn 0.796093 0.605174 -5.11783e-16 
vn 0.907575 0.419889 -5.83451e-16 
vn 0.856857 0.515554 -5.50846e-16 
vn 0.947653 0.319302 -6.09216e-16 
vn 0.907575 0.419889 -5.83451e-16 
vn 0.976621 0.21497 -6.27838e-16 
vn 0.947653 0.319302 -6.09216e-16 
vn 0.994138 0.108119 -6.391e-16 
vn 0.976621 0.21497 -6.27838e-16 
vn 1 -1.22465e-16 -6.42868e-16 
vn 0.994138 0.108119 -6.391e-16 
vn 0.994138 -0.108119 -6.391e-16 
vn 1 -1.22465e-16 -6.42868e-16 
vn 0.976621 -0.21497 -6.27838e-16 
vn 0.994138 -0.108119 -6.391e-16 
vn 0.947653 -0.319302 -6.09216e-16 
vn 0.976621 -0.21497 -6.27838e-16 
vn 0.907575 -0.419889 -5.83451e-16 
vn 0.947653 -0.319302 -6.09216e-16 
vn 0.856857 -0.515554 -5.50846e-16 
vn 0.907575 -0.419889 -5.83451e-16 
vn 0.796093 -0.605174 -5.11783e-16 
vn 0.856857 -0.515554 -5.50846e-16 
vn 0.725995 -0.687699 -4.66719e-16 
vn 0.796093 -0.605174 -5.11783e-16 
vn 0.647386 -0.762162 -4.16184e-16 
vn 0.725995 -0.687699 -4.66719e-16 
vn 0.561187 -0.827689 -3.60769e-16 
vn 0.647386 -0.762162 -4.16184e-16 
vn 0.468408 -0.883512 -3.01125e-16 
vn 0.561187 -0.827689 -3.60769e-16 
vn 0.370138 -0.928977 -2.3795e-16 
vn 0.468408 -0.883512 -3.01125e-16 
vn 0.267528 -0.96355 -1.71985e-16 
vn 0.370138 -0.928977 -2.3795e-16 
vn 0.161782 -0.986827 -1.04004e-16 
vn 0.267528 -0.96355 -1.71985e-16 
vn 0.0541389 -0.998533 -3.48042e-17 
vn 0.161782 -0.986827 -1.04004e-16 
vn -0.0541389 -0.998533 3.48042e-17 
vn 0.0541389 -0.998533 -3.48042e-17 
vn -0.161782 -0.986827 1.04004e-16 
vn -0.0541389 -0.998533 3.48042e-17 
vn -0.267528 -0.96355 1.71985e-16 
vn -0.161782 -0.986827 1.04004e-16 
vn -0.370138 -0.928977 2.3795e-16 
vn -0.267528 -0.96355 1.71985e-16 
vn -0.468408 -0.883512 3.01125e-16 
vn -0.370138 -0.928977 2.3795e-16 
vn -0.561187 -0.827689 3.60769e-16 
vn -0.468408 -0.883512 3.01125e-16 
vn -0.647386 -0.762162 4.16184e-16 
vn -0.561187 -0.827689 3.60769e-16 
vn -0.725995 -0.687699 4.66719e-16 
vn -0.647386 -0.762162 4.16184e-16 
vn -0.796093 -0.605174 5.11783e-16 
vn -0.725995 -0.687699 4.66719e-16 
vn -0.856857 -0.515554 5.50846e-16 
vn -0.796093 -0.605174 5.11783e-16 
vn -0.907575 -0.419889 5.83451e-16 
vn -0.856857 -0.515554 5.50846e-16 
vn -0.947653 -0.319302 6.09216e-16 
vn -0.907575 -0.419889 5.83451e-16 
vn -0.976621 -0.21497 6.27838e-16 
vn -0.947653 -0.319302 6.09216e-16 
vn -0.994138 -0.108119 6.391e-16 
vn -0.976621 -0.21497 6.27838e-16 
vn 6.42868e-16 0 1 
vn -1 2.73904e-16 6.42868e-16 
vn 1 0 -6.42868e-16 
vn -1.27553e-16 -1 8.19999e-32 
vn -1 1.22465e-16 6.42868e-16 
vn -0.994522 -0.104528 6.39346e-16 
vn -0.978148 -0.207912 6.2882e-16 
vn -0.951057 -0.309017 6.11404e-16 
vn -0.913545 -0.406737 5.87289e-16 
vn -0.866025 -0.5 5.5674e-16 
vn -0.809017 -0.587785 5.20091e-16 
vn -0.743145 -0.669131 4.77744e-16 
vn -0.669131 -0.743145 4.30163e-16 
vn -0.587785 -0.809017 3.77868e-16 
vn -0.5 -0.866025 3.21434e-16 
vn -0.406737 -0.913545 2.61478e-16 
vn -0.309017 -0.951057 1.98657e-16 
vn -0.207912 -0.978148 1.3366e-16 
vn -0.104528 -0.994522 6.7198e-17 
vn -1.83697e-16 -1 1.18093e-31 
vn 1 1.22465e-16 -6.42868e-16 
vn 0.994522 -0.104528 -6.39346e-16 
vn 0.978148 -0.207912 -6.2882e-16 
vn 0.951057 -0.309017 -6.11404e-16 
vn 0.913545 -0.406737 -5.87289e-16 
vn 0.866025 -0.5 -5.5674e-16 
vn 0.809017 -0.587785 -5.20091e-16 
vn 0.743145 -0.669131 -4.77744e-16 
vn 0.669131 -0.743145 -4.30163e-16 
vn 0.587785 -0.809017 -3.77868e-16 
vn 0.5 -0.866025 -3.21434e-16 
vn 0.406737 -0.913545 -2.61478e-16 
vn 0.309017 -0.951057 -1.98657e-16 
vn 0.207912 -0.978148 -1.3366e-16 
vn 0.104528 -0.994522 -6.7198e-17 
vn -7.04481e-16 -1 4.52889e-31 
vn -0.104528 -0.994522 6.7198e-17 
vn -0.207912 -0.978148 1.3366e-16 
vn -0.309017 -0.951057 1.98657e-16 
vn -0.406737 -0.913545 2.61478e-16 
vn -0.5 -0.866025 3.21434e-16 
vn -0.587785 -0.809017 3.77868e-16 
vn -0.669131 -0.743145 4.30163e-16 
vn -0.743145 -0.669131 4.77744e-16 
vn -0.809017 -0.587785 5.20091e-16 
vn -0.866025 -0.5 5.5674e-16 
vn -0.913545 -0.406737 5.87289e-16 
vn -0.951057 -0.309017 6.11404e-16 
vn -0.978148 -0.207912 6.2882e-16 
vn -0.994522 -0.104528 6.39346e-16 
vn -1 0 6.42868e-16 
vn 0.104528 -0.994522 -6.7198e-17 
vn 1.17146e-15 -1 -7.53091e-31 
vn 0.207912 -0.978148 -1.3366e-16 
vn 0.104528 -0.994522 -6.7198e-17 
vn 0.309017 -0.951057 -1.98657e-16 
vn 0.207912 -0.978148 -1.3366e-16 
vn 0.406737 -0.913545 -2.61478e-16 
vn 0.309017 -0.951057 -1.98657e-16 
vn 0.5 -0.866025 -3.21434e-16 
vn 0.406737 -0.913545 -2.61478e-16 
vn 0.587785 -0.809017 -3.77868e-16 
vn 0.5 -0.866025 -3.21434e-16 
vn 0.669131 -0.743145 -4.30163e-16 
vn 0.587785 -0.809017 -3.77868e-16 
vn 0.743145 -0.669131 -4.77744e-16 
vn 0.669131 -0.743145 -4.30163e-16 
vn 0.809017 -0.587785 -5.20091e-16 
vn 0.743145 -0.669131 -4.77744e-16 
vn 0.866025 -0.5 -5.5674e-16 
vn 0.809017 -0.587785 -5.20091e-16 
vn 0.913545 -0.406737 -5.87289e-16 
vn 0.866025 -0.5 -5.5674e-16 
vn 0.951057 -0.309017 -6.11404e-16 
vn 0.913545 -0.406737 -5.87289e-16 
vn 0.978148 -0.207912 -6.2882e-16 
vn 0.951057 -0.309017 -6.11404e-16 
vn 0.994522 -0.104528 -6.39346e-16 
vn 0.978148 -0.207912 -6.2882e-16 
vn 1 0 -6.42868e-16 
vn 0.994522 -0.104528 -6.39346e-16 
vn -0.994138 0.108119 6.391e-16 
vn -1 2.44929e-16 6.42868e-16 
vn -0.976621 0.21497 6.27838e-16 
vn -0.994138 0.108119 6.391e-16 
vn -0.947653 0.319302 6.09216e-16 
vn -0.976621 0.21497 6.27838e-16 
vn -0.907575 0.419889 5.83451e-16 
vn -0.947653 0.319302 6.09216e-16 
vn -0.856857 0.515554 5.50846e-16 
vn -0.907575 0.419889 5.83451e-16 
vn -0.796093 0.605174 5.11783e-16 
vn -0.856857 0.515554 5.50846e-16 
vn -0.725995 0.687699 4.66719e-16 
vn -0.796093 0.605174 5.11783e-16 
vn -0.647386 0.762162 4.16184e-16 
vn -0.725995 0.687699 4.66719e-16 
vn -0.561187 0.827689 3.60769e-16 
vn -0.647386 0.762162 4.16184e-16 
vn -0.468408 0.883512 3.01125e-16 
vn -0.561187 0.827689 3.60769e-16 
vn -0.370138 0.928977 2.3795e-16 
vn -0.468408 0.883512 3.01125e-16 
vn -0.267528 0.96355 1.71985e-16 
vn -0.370138 0.928977 2.3795e-16 
vn -0.161782 0.986827 1.04004e-16 
vn -0.267528 0.96355 1.71985e-16 
vn -0.0541389 0.998533 3.48042e-17 
vn -0.161782 0.986827 1.04004e-16 
vn 0.0541389 0.998533 -3.48042e-17 
vn -0.0541389 0.998533 3.48042e-17 
vn 0.161782 0.986827 -1.04004e-16 
vn 0.0541389 0.998533 -3.48042e-17 
vn 0.267528 0.96355 -1.71985e-16 
vn 0.161782 0.986827 -1.04004e-16 
vn 0.370138 0.928977 -2.3795e-16 
vn 0.267528 0.96355 -1.71985e-16 
vn 0.468408 0.883512 -3.01125e-16 
vn 0.370138 0.928977 -2.3795e-16 
vn 0.561187 0.827689 -3.60769e-16 
vn 0.468408 0.883512 -3.01125e-16 
vn 0.647386 0.762162 -4.16184e-16 
vn 0.561187 0.827689 -3.60769e-16 
vn 0.725995 0.687699 -4.66719e-16 
vn 0.647386 0.762162 -4.16184e-16 
vn 0.796093 0.605174 -5.11783e-16 
vn 0.725995 0.687699 -4.66719e-16 
vn 0.856857 0.515554 -5.50846e-16 
vn 0.796093 0.605174 -5.11783e-16 
vn 0.907575 0.419889 -5.83451e-16 
vn 0.856857 0.515554 -5.50846e-16 
vn 0.947653 0.319302 -6.09216e-16 
vn 0.907575 0.419889 -5.83451e-16 
vn 0.976621 0.21497 -6.27838e-16 
vn 0.947653 0.319302 -6.09216e-16 
vn 0.994138 0.108119 -6.391e-16 
vn 0.976621 0.21497 -6.27838e-16 
vn 1 -1.22465e-16 -6.42868e-16 
vn 0.994138 0.108119 -6.391e-16 
vn 0.994138 -0.108119 -6.391e-16 
vn 1 -1.22465e-16 -6.42868e-16 
vn 0.976621 -0.21497 -6.27838e-16 
vn 0.994138 -0.108119 -6.391e-16 
vn 0.947653 -0.319302 -6.09216e-16 
vn 0.976621 -0.21497 -6.27838e-16 
vn 0.907575 -0.419889 -5.83451e-16 
vn 0.947653 -0.319302 -6.09216e-16 
vn 0.856857 -0.515554 -5.50846e-16 
vn 0.907575 -0.419889 -5.83451e-16 
vn 0.796093 -0.605174 -5.11783e-16 
vn 0.856857 -0.515554 -5.50846e-16 
vn 0.725995 -0.687699 -4.66719e-16 
vn 0.796093 -0.605174 -5.11783e-16 
vn 0.647386 -0.762162 -4.16184e-16 
vn 0.725995 -0.687699 -4.66719e-16 
vn 0.561187 -0.827689 -3.60769e-16 
vn 0.647386 -0.762162 -4.16184e-16 
vn 0.468408 -0.883512 -3.01125e-16 
vn 0.561187 -0.827689 -3.60769e-16 
vn 0.370138 -0.928977 -2.3795e-16 
vn 0.468408 -0.883512 -3.01125e-16 
vn 0.267528 -0.96355 -1.71985e-16 
vn 0.370138 -0.928977 -2.3795e-16 
vn 0.161782 -0.986827 -1.04004e-16 
vn 0.267528 -0.96355 -1.71985e-16 
vn 0.0541389 -0.998533 -3.48042e-17 
vn 0.161782 -0.986827 -1.04004e-16 
vn -0.0541389 -0.998533 3.48042e-17 
vn 0.0541389 -0.998533 -3.48042e-17 
vn -0.161782 -0.986827 1.04004e-16 
vn -0.0541389 -0.998533 3.48042e-17 
vn -0.267528 -0.96355 1.71985e-16 
vn -0.161782 -0.986827 1.04004e-16 
vn -0.370138 -0.928977 2.3795e-16 
vn -0.267528 -0.96355 1.71985e-16 
vn -0.468408 -0.883512 3.01125e-16 
vn -0.370138 -0.928977 2.3795e-16 
vn -0.561187 -0.827689 3.60769e-16 
vn -0.468408 -0.883512 3.01125e-16 
vn -0.647386 -0.762162 4.16184e-16 
vn -0.561187 -0.827689 3.60769e-16 
vn -0.725995 -0.687699 4.66719e-16 
vn -0.647386 -0.762162 4.16184e-16 
vn -0.796093 -0.605174 5.11783e-16 
vn -0.725995 -0.687699 4.66719e-16 
vn -0.856857 -0.515554 5.50846e-16 
vn -0.796093 -0.605174 5.11783e-16 
vn -0.907575 -0.419889 5.83451e-16 
vn -0.856857 -0.515554 5.50846e-16 
vn -0.947653 -0.319302 6.09216e-16 
vn -0.907575 -0.419889 5.83451e-16 
vn -0.976621 -0.21497 6.27838e-16 
vn -0.947653 -0.319302 6.09216e-16 
vn -0.994138 -0.108119 6.391e-16 
vn -0.976621 -0.21497 6.27838e-16 
vn -0.994138 0.108119 6.391e-16 
vn -1 2.44929e-16 6.42868e-16 
vn -0.976621 0.21497 6.27838e-16 
vn -0.994138 0.108119 6.391e-16 
vn -0.947653 0.319302 6.09216e-16 
vn -0.976621 0.21497 6.27838e-16 
vn -0.907575 0.419889 5.83451e-16 
vn -0.947653 0.319302 6.09216e-16 
vn -0.856857 0.515554 5.50846e-16 
vn -0.907575 0.419889 5.83451e-16 
vn -0.796093 0.605174 5.11783e-16 
vn -0.856857 0.515554 5.50846e-16 
vn -0.725995 0.687699 4.66719e-16 
vn -0.796093 0.605174 5.11783e-16 
vn -0.647386 0.762162 4.16184e-16 
vn -0.725995 0.687699 4.66719e-16 
vn -0.561187 0.827689 3.60769e-16 
vn -0.647386 0.762162 4.16184e-16 
vn -0.468408 0.883512 3.01125e-16 
vn -0.561187 0.827689 3.60769e-16 
vn -0.370138 0.928977 2.3795e-16 
vn -0.468408 0.883512 3.01125e-16 
vn -0.267528 0.96355 1.71985e-16 
vn -0.370138 0.928977 2.3795e-16 
vn -0.161782 0.986827 1.04004e-16 
vn -0.267528 0.96355 1.71985e-16 
vn -0.0541389 0.998533 3.48042e-17 
vn -0.161782 0.986827 1.04004e-16 
vn 0.0541389 0.998533 -3.48042e-17 
vn -0.0541389 0.998533 3.48042e-17 
vn 0.161782 0.986827 -1.04004e-16 
vn 0.0541389 0.998533 -3.48042e-17 
vn 0.267528 0.96355 -1.71985e-16 
vn 0.161782 0.986827 -1.04004e-16 
vn 0.370138 0.928977 -2.3795e-16 
vn 0.267528 0.96355 -1.71985e-16 
vn 0.468408 0.883512 -3.01125e-16 
vn 0.370138 0.928977 -2.3795e-16 
vn 0.561187 0.827689 -3.60769e-16 
vn 0.468408 0.883512 -3.01125e-16 
vn 0.647386 0.762162 -4.16184e-16 
vn 0.561187 0.827689 -3.60769e-16 
vn 0.725995 0.687699 -4.66719e-16 
vn 0.647386 0.762162 -4.16184e-16 
vn 0.796093 0.605174 -5.11783e-16 
vn 0.725995 0.687699 -4.66719e-16 
vn 0.856857 0.515554 -5.50846e-16 
vn 0.796093 0.605174 -5.11783e-16 
vn 0.907575 0.419889 -5.83451e-16 
vn 0.856857 0.515554 -5.50846e-16 
vn 0.947653 0.319302 -6.09216e-16 
vn 0.907575 0.419889 -5.83451e-16 
vn 0.976621 0.21497 -6.27838e-16 
vn 0.947653 0.319302 -6.09216e-16 
vn 0.994138 0.108119 -6.391e-16 
vn 0.976621 0.21497 -6.27838e-16 
vn 1 -1.22465e-16 -6.42868e-16 
vn 0.994138 0.108119 -6.391e-16 
vn 0.994138 -0.108119 -6.391e-16 
vn 1 -1.22465e-16 -6.42868e-16 
vn 0.976621 -0.21497 -6.27838e-16 
vn 0.994138 -0.108119 -6.391e-16 
vn 0.947653 -0.319302 -6.09216e-16 
vn 0.976621 -0.21497 -6.27838e-16 
vn 0.907575 -0.419889 -5.83451e-16 
vn 0.947653 -0.319302 -6.09216e-16 
vn 0.856857 -0.515554 -5.50846e-16 
vn 0.907575 -0.419889 -5.83451e-16 
vn 0.796093 -0.605174 -5.11783e-16 
vn 0.856857 -0.515554 -5.50846e-16 
vn 0.725995 -0.687699 -4.66719e-16 
vn 0.796093 -0.605174 -5.11783e-16 
vn 0.647386 -0.762162 -4.16184e-16 
vn 0.725995 -0.687699 -4.66719e-16 
vn 0.561187 -0.827689 -3.60769e-16 
vn 0.647386 -0.762162 -4.16184e-16 
vn 0.468408 -0.883512 -3.01125e-16 
vn 0.561187 -0.827689 -3.60769e-16 
vn 0.370138 -0.928977 -2.3795e-16 
vn 0.468408 -0.883512 -3.01125e-16 
vn 0.267528 -0.96355 -1.71985e-16 
vn 0.370138 -0.928977 -2.3795e-16 
vn 0.161782 -0.986827 -1.04004e-16 
vn 0.267528 -0.96355 -1.71985e-16 
vn 0.0541389 -0.998533 -3.48042e-17 
vn 0.161782 -0.986827 -1.04004e-16 
vn -0.0541389 -0.998533 3.48042e-17 
vn 0.0541389 -0.998533 -3.48042e-17 
vn -0.161782 -0.986827 1.04004e-16 
vn -0.0541389 -0.998533 3.48042e-17 
vn -0.267528 -0.96355 1.71985e-16 
vn -0.161782 -0.986827 1.04004e-16 
vn -0.370138 -0.928977 2.3795e-16 
vn -0.267528 -0.96355 1.71985e-16 
vn -0.468408 -0.883512 3.01125e-16 
vn -0.370138 -0.928977 2.3795e-16 
vn -0.561187 -0.827689 3.60769e-16 
vn -0.468408 -0.883512 3.01125e-16 
vn -0.647386 -0.762162 4.16184e-16 
vn -0.561187 -0.827689 3.60769e-16 
vn -0.725995 -0.687699 4.66719e-16 
vn -0.647386 -0.762162 4.16184e-16 
vn -0.796093 -0.605174 5.11783e-16 
vn -0.725995 -0.687699 4.66719e-16 
vn -0.856857 -0.515554 5.50846e-16 
vn -0.796093 -0.605174 5.11783e-16 
vn -0.907575 -0.419889 5.83451e-16 
vn -0.856857 -0.515554 5.50846e-16 
vn -0.947653 -0.319302 6.09216e-16 
vn -0.907575 -0.419889 5.83451e-16 
vn -0.976621 -0.21497 6.27838e-16 
vn -0.947653 -0.319302 6.09216e-16 
vn -0.994138 -0.108119 6.391e-16 
vn -0.976621 -0.21497 6.27838e-16 
vn 0 -1 0 
vn 1 0 -3.30424e-16 
vn -1 0 3.30424e-16 
vn 3.30424e-16 0 1 
vn -0.104528 0 0.994522 
vn -0.207912 0 0.978148 
vn -0.309017 0 0.951057 
vn -0.406737 0 0.913545 
vn -0.5 0 0.866025 
vn -0.587785 0 0.809017 
vn -0.669131 0 0.743145 
vn -0.743145 0 0.669131 
vn -0.809017 0 0.587785 
vn -0.866025 0 0.5 
vn -0.913545 0 0.406737 
vn -0.951057 0 0.309017 
vn -0.978148 0 0.207912 
vn -0.994522 0 0.104528 
vn -1 0 2.44929e-16 
vn -1.83697e-16 0 1 
vn 0.104528 0 0.994522 
vn 0.207912 0 0.978148 
vn 0.309017 0 0.951057 
vn 0.406737 0 0.913545 
vn 0.5 0 0.866025 
vn 0.587785 0 0.809017 
vn 0.669131 0 0.743145 
vn 0.743145 0 0.669131 
vn 0.809017 0 0.587785 
vn 0.866025 0 0.5 
vn 0.913545 0 0.406737 
vn 0.951057 0 0.309017 
vn 0.978148 0 0.207912 
vn 0.994522 0 0.104528 
vn 1 0 2.44929e-16 
vn -3.30424e-16 0 -1 
vn -0.104528 -0.994522 0 
vn 1.04899e-15 -1 -3.46611e-31 
vn -0.052336 -0.99863 0 
vn -0.207912 -0.978148 0 
vn -0.104528 -0.994522 0 
vn -0.156434 -0.987688 0 
vn -0.309017 -0.951057 0 
vn -0.207912 -0.978148 0 
vn -0.258819 -0.965926 0 
vn -0.406737 -0.913545 0 
vn -0.309017 -0.951057 0 
vn -0.358368 -0.93358 0 
vn -0.5 -0.866025 0 
vn -0.406737 -0.913545 0 
vn -0.45399 -0.891007 0 
vn -0.587785 -0.809017 0 
vn -0.5 -0.866025 0 
vn -0.544639 -0.838671 0 
vn -0.669131 -0.743145 0 
vn -0.587785 -0.809017 0 
vn -0.743145 -0.669131 0 
vn -0.669131 -0.743145 0 
vn -0.809017 -0.587785 0 
vn -0.743145 -0.669131 0 
vn -0.866025 -0.5 0 
vn -0.809017 -0.587785 0 
vn -0.913545 -0.406737 0 
vn -0.866025 -0.5 0 
vn -0.951057 -0.309017 0 
vn -0.913545 -0.406737 5.78241e-16 
vn -0.978148 -0.207912 0 
vn -0.951057 -0.309017 5.78241e-16 
vn -0.994522 -0.104528 0 
vn -0.978148 -0.207912 5.78241e-16 
vn -1 0 3.30424e-16 
vn -0.994522 -0.104528 5.78241e-16 
vn 3.1199e-16 -0.329335 0.944213 
vn 3.21896e-16 -0.225714 0.974194 
vn 3.14903e-16 -0.302469 0.953159 
vn 3.13991e-16 -0.311429 0.95027 
vn 3.15967e-16 -0.293608 0.955926 
vn 3.16742e-16 -0.284941 0.958545 
vn 3.17516e-16 -0.276565 0.960995 
vn 3.17516e-16 -0.268571 0.96326 
vn 3.19065e-16 -0.261047 0.965326 
vn 3.19065e-16 -0.254075 0.967185 
vn 3.22163e-16 -0.24773 0.968829 
vn 3.22163e-16 -0.242084 0.970255 
vn 3.22163e-16 -0.237198 0.971461 
vn 3.22163e-16 -0.233125 0.972447 
vn 3.22163e-16 -0.229909 0.973212 
vn 3.22163e-16 -0.227587 0.973758 
vn 3.22163e-16 -0.225714 0.974194 
vn 3.22163e-16 -0.226184 0.974085 
vn 3.1199e-16 -0.329335 0.944213 
vn 2.98454e-16 -0.429123 0.903246 
vn 2.81444e-16 -0.523918 0.851769 
vn 2.6116e-16 -0.612617 0.79038 
vn 2.37837e-16 -0.694187 0.719794 
vn 2.11746e-16 -0.76768 0.640833 
vn 1.83192e-16 -0.83224 0.554415 
vn 1.52506e-16 -0.887116 0.461546 
vn 1.20045e-16 -0.93167 0.363307 
vn 8.61875e-17 -0.965382 0.26084 
vn 5.13271e-17 -0.987861 0.155337 
vn 1.58695e-17 -0.998846 0.0480277 
vn -1.97728e-17 -0.998208 -0.0598409 
vn -5.51851e-17 -0.985955 -0.167013 
vn -8.99552e-17 -0.962229 -0.272242 
vn -1.23679e-16 -0.927306 -0.374303 
vn -1.55963e-16 -0.881594 -0.472009 
vn -1.86432e-16 -0.825623 -0.564222 
vn -2.14732e-16 -0.760045 -0.64987 
vn -2.40534e-16 -0.685623 -0.727956 
vn -2.63537e-16 -0.603224 -0.797572 
vn -2.83473e-16 -0.513805 -0.857907 
vn -3.0011e-16 -0.418408 -0.908259 
vn -3.13256e-16 -0.318142 -0.948043 
vn -3.22756e-16 -0.214174 -0.976796 
vn -3.28501e-16 -0.107713 -0.994182 
vn -3.30424e-16 -8.92144e-16 -1 
vn -3.28501e-16 0.107713 -0.994182 
vn -3.22756e-16 0.214174 -0.976796 
vn -3.13256e-16 0.318142 -0.948043 
vn -3.0011e-16 0.418408 -0.908259 
vn -2.83473e-16 0.513805 -0.857907 
vn -2.63537e-16 0.603224 -0.797572 
vn -2.40534e-16 0.685623 -0.727956 
vn -2.14732e-16 0.760045 -0.64987 
vn -1.86432e-16 0.825623 -0.564222 
vn -1.55963e-16 0.881594 -0.472009 
vn -1.23679e-16 0.927306 -0.374303 
vn -8.99552e-17 0.962229 -0.272242 
vn -5.51851e-17 0.985955 -0.167013 
vn -1.97728e-17 0.998208 -0.0598409 
vn 1.58695e-17 0.998846 0.0480277 
vn 5.13271e-17 0.987861 0.155337 
vn 8.61875e-17 0.965382 0.26084 
vn 1.20045e-16 0.93167 0.363307 
vn 1.52506e-16 0.887116 0.461546 
vn 1.83192e-16 0.83224 0.554415 
vn 2.11746e-16 0.76768 0.640833 
vn 2.37837e-16 0.694187 0.719794 
vn 2.6116e-16 0.612617 0.79038 
vn 2.81444e-16 0.523918 0.851769 
vn 2.98454e-16 0.429123 0.903246 
vn 3.1199e-16 0.329335 0.944213 
vn 3.13991e-16 0.311429 0.95027 
vn 3.14903e-16 0.302469 0.953159 
vn 3.21896e-16 0.225714 0.974194 
vn 3.15967e-16 0.293608 0.955926 
vn 3.16742e-16 0.284941 0.958545 
vn 3.17516e-16 0.276565 0.960995 
vn 3.17516e-16 0.268571 0.96326 
vn 3.19065e-16 0.261047 0.965326 
vn 3.19065e-16 0.254075 0.967185 
vn 3.22163e-16 0.24773 0.968829 
vn 3.22163e-16 0.242084 0.970255 
vn 3.22163e-16 0.237198 0.971461 
vn 3.22163e-16 0.233125 0.972447 
vn 3.22163e-16 0.229909 0.973212 
vn 3.22163e-16 0.227587 0.973758 
vn 3.22163e-16 0.226184 0.974085 
vn 3.21896e-16 0.225714 0.974194 
vn -0.052336 0 -0.99863 
vn -1.83697e-16 0 -1 
vn -0.104528 0 -0.994522 
vn -0.156434 0 -0.987688 
vn -0.207912 0 -0.978148 
vn -0.258819 0 -0.965926 
vn -0.309017 0 -0.951057 
vn -0.358368 0 -0.93358 
vn -0.406737 0 -0.913545 
vn -0.45399 0 -0.891007 
vn -0.5 0 -0.866025 
vn -0.544639 0 -0.838671 
vn -0.587785 0 -0.809017 
vn -0.669131 0 -0.743145 
vn -0.743145 0 -0.669131 
vn -0.809017 0 -0.587785 
vn -0.866025 0 -0.5 
vn -0.913545 0 -0.406737 
vn -0.951057 0 -0.309017 
vn -0.978148 0 -0.207912 
vn -0.994522 0 -0.104528 
vn -1 0 1.22465e-16 
vn -0.951057 0 -0.309017 
vn -0.809017 0 -0.587785 
vn -1 -1.22465e-16 3.30424e-16 
vn -0.994522 0.104528 2.89121e-16 
vn -0.978148 0.207912 2.89121e-16 
vn -0.951057 0.309017 2.89121e-16 
vn -0.913545 0.406737 2.89121e-16 
vn -0.866025 0.5 2.89121e-16 
vn -0.809017 0.587785 2.89121e-16 
vn -0.743145 0.669131 2.1684e-16 
vn -0.669131 0.743145 2.1684e-16 
vn -0.587785 0.809017 1.807e-16 
vn -0.544639 0.838671 1.807e-16 
vn -0.5 0.866025 0 
vn -0.45399 0.891007 1.4456e-16 
vn -0.406737 0.913545 0 
vn -0.358368 0.93358 1.17455e-16 
vn -0.309017 0.951057 0 
vn -0.258819 0.965926 8.58327e-17 
vn -0.207912 0.978148 0 
vn -0.156434 0.987688 5.19514e-17 
vn -0.104528 0.994522 0 
vn -0.052336 0.99863 1.7223e-17 
vn 1.59266e-15 1 -5.26252e-31 
vn -1 0 0 
vn 1 0 0 
vn 0 0 -1 
vn 0 -0.669121 -0.743154 
vn 0 -0.714143 -0.7 
vn 0 -0.641133 -0.76743 
vn 0 -0.587771 -0.809027 
vn 0 -0.561791 -0.827279 
vn 0 -0.5 -0.866025 
vn 0 -0.4769 -0.878958 
vn 0 -0.406737 -0.913545 
vn 0 -0.387298 -0.921954 
vn 0 -0.309017 -0.951057 
vn 0 -0.293876 -0.955844 
vn 0 -0.293871 -0.955845 
vn 0 -0.197546 -0.980294 
vn 0 -0.251139 -0.967951 
vn 0 -0.207908 -0.978148 
vn 0 -0.207912 -0.978148 
vn 0 -0.197542 -0.980294 
vn 0 -0.251139 -0.967951 
vn 0 -0.099264 -0.995061 
vn 0 -0.151203 -0.988503 
vn 0 -0.104526 -0.994522 
vn 0 -0.104528 -0.994522 
vn 0 -0.0992611 -0.995061 
vn 0 -0.151203 -0.988503 
vn 0 -0.049692 -0.998765 
vn 0 -6.12323e-17 -1 
vn 1.22465e-16 -1 0 
vn -0.104528 -0.994522 0 
vn -0.207912 -0.978148 0 
vn -0.309017 -0.951057 0 
vn -0.406737 -0.913545 0 
vn -0.5 -0.866025 0 
vn -0.587785 -0.809017 0 
vn -0.669131 -0.743145 0 
vn -0.7 -0.714143 0 
vn -0.743154 -0.669121 0 
vn -0.743145 -0.669131 0 
vn -0.76743 -0.641133 0 
vn -0.809017 -0.587785 0 
vn -0.809027 -0.587771 0 
vn -0.827279 -0.561791 0 
vn -0.866025 -0.5 0 
vn -0.878958 -0.4769 0 
vn -0.913545 -0.406737 0 
vn -0.921954 -0.387298 0 
vn -0.951057 -0.309017 0 
vn -0.955844 -0.293876 0 
vn -0.978148 -0.207912 0 
vn -0.967951 -0.251139 0 
vn -0.980294 -0.197546 0 
vn -0.994522 -0.104528 0 
vn -0.988503 -0.151203 0 
vn -0.995061 -0.099264 0 
vn -1 -1.83697e-16 0 
vn -0.998765 -0.049692 0 
vn 0 -1 0 
vn 0.104528 -0.994522 0 
vn 0.207912 -0.978148 0 
vn 0.309017 -0.951057 0 
vn 0.406737 -0.913545 0 
vn 0.5 -0.866025 0 
vn 0.587785 -0.809017 0 
vn 0.669131 -0.743145 0 
vn 0.994522 -0.104528 0 
vn 1 -6.12323e-17 0 
vn 0.998765 -0.049692 0 
vn 0.995061 -0.0992611 0 
vn 0.978148 -0.207912 0 
vn 0.994522 -0.104526 0 
vn 0.988503 -0.151203 0 
vn 0.980294 -0.197542 0 
vn 0.951057 -0.309017 0 
vn 0.967951 -0.251139 0 
vn 0.955845 -0.293871 0 
vn 0.978148 -0.207908 0 
vn 0.913545 -0.406737 0 
vn 0.951057 -0.309017 0 
vn 0.921954 -0.387298 0 
vn 0.866025 -0.5 0 
vn 0.913545 -0.406737 0 
vn 0.878958 -0.4769 0 
vn 0.809017 -0.587785 0 
vn 0.866025 -0.5 0 
vn 0.827279 -0.561791 0 
vn 0.743145 -0.669131 0 
vn 0.809027 -0.587771 0 
vn 0.76743 -0.641133 0 
vn 0.743154 -0.669121 0 
vn 0.7 -0.714143 0 
vn 0.669131 -0.743145 0 
vn 0 -1 0 
vn -6.42868e-16 0 -1 
vn 0 1 0 
vn -1 0 3.66652e-16 
vn 1 0 -3.66652e-16 
vn 3.28487e-16 0.108119 0.994138 
vn 3.30424e-16 2.44929e-16 1 
vn 3.22698e-16 0.21497 0.976621 
vn 3.28487e-16 0.108119 0.994138 
vn 3.13127e-16 0.319302 0.947653 
vn 3.22698e-16 0.21497 0.976621 
vn 2.99884e-16 0.419889 0.907575 
vn 3.13127e-16 0.319302 0.947653 
vn 2.83126e-16 0.515554 0.856857 
vn 2.99884e-16 0.419889 0.907575 
vn 2.63048e-16 0.605174 0.796093 
vn 2.83126e-16 0.515554 0.856857 
vn 2.39886e-16 0.687699 0.725995 
vn 2.63048e-16 0.605174 0.796093 
vn 2.13912e-16 0.762162 0.647386 
vn 2.39886e-16 0.687699 0.725995 
vn 1.85429e-16 0.827689 0.561187 
vn 2.13912e-16 0.762162 0.647386 
vn 1.54773e-16 0.883512 0.468408 
vn 1.85429e-16 0.827689 0.561187 
vn 1.22302e-16 0.928977 0.370138 
vn 1.54773e-16 0.883512 0.468408 
vn 8.83977e-17 0.96355 0.267528 
vn 1.22302e-16 0.928977 0.370138 
vn 5.34566e-17 0.986827 0.161782 
vn 8.83977e-17 0.96355 0.267528 
vn 1.78888e-17 0.998533 0.0541389 
vn 5.34566e-17 0.986827 0.161782 
vn -1.78888e-17 0.998533 -0.0541389 
vn 1.78888e-17 0.998533 0.0541389 
vn -5.34566e-17 0.986827 -0.161782 
vn -1.78888e-17 0.998533 -0.0541389 
vn -8.83977e-17 0.96355 -0.267528 
vn -5.34566e-17 0.986827 -0.161782 
vn -1.22302e-16 0.928977 -0.370138 
vn -8.83977e-17 0.96355 -0.267528 
vn -1.54773e-16 0.883512 -0.468408 
vn -1.22302e-16 0.928977 -0.370138 
vn -1.85429e-16 0.827689 -0.561187 
vn -1.54773e-16 0.883512 -0.468408 
vn -2.13912e-16 0.762162 -0.647386 
vn -1.85429e-16 0.827689 -0.561187 
vn -2.39886e-16 0.687699 -0.725995 
vn -2.13912e-16 0.762162 -0.647386 
vn -2.63048e-16 0.605174 -0.796093 
vn -2.39886e-16 0.687699 -0.725995 
vn -2.83126e-16 0.515554 -0.856857 
vn -2.63048e-16 0.605174 -0.796093 
vn -2.99884e-16 0.419889 -0.907575 
vn -2.83126e-16 0.515554 -0.856857 
vn -3.13127e-16 0.319302 -0.947653 
vn -2.99884e-16 0.419889 -0.907575 
vn -3.22698e-16 0.21497 -0.976621 
vn -3.13127e-16 0.319302 -0.947653 
vn -3.28487e-16 0.108119 -0.994138 
vn -3.22698e-16 0.21497 -0.976621 
vn -3.30424e-16 -1.22465e-16 -1 
vn -3.28487e-16 0.108119 -0.994138 
vn -3.28487e-16 -0.108119 -0.994138 
vn -3.30424e-16 -1.22465e-16 -1 
vn -3.22698e-16 -0.21497 -0.976621 
vn -3.28487e-16 -0.108119 -0.994138 
vn -3.13127e-16 -0.319302 -0.947653 
vn -3.22698e-16 -0.21497 -0.976621 
vn -2.99884e-16 -0.419889 -0.907575 
vn -3.13127e-16 -0.319302 -0.947653 
vn -2.83126e-16 -0.515554 -0.856857 
vn -2.99884e-16 -0.419889 -0.907575 
vn -2.63048e-16 -0.605174 -0.796093 
vn -2.83126e-16 -0.515554 -0.856857 
vn -2.39886e-16 -0.687699 -0.725995 
vn -2.63048e-16 -0.605174 -0.796093 
vn -2.13912e-16 -0.762162 -0.647386 
vn -2.39886e-16 -0.687699 -0.725995 
vn -1.85429e-16 -0.827689 -0.561187 
vn -2.13912e-16 -0.762162 -0.647386 
vn -1.54773e-16 -0.883512 -0.468408 
vn -1.85429e-16 -0.827689 -0.561187 
vn -1.22302e-16 -0.928977 -0.370138 
vn -1.54773e-16 -0.883512 -0.468408 
vn -8.83977e-17 -0.96355 -0.267528 
vn -1.22302e-16 -0.928977 -0.370138 
vn -5.34566e-17 -0.986827 -0.161782 
vn -8.83977e-17 -0.96355 -0.267528 
vn -1.78888e-17 -0.998533 -0.0541389 
vn -5.34566e-17 -0.986827 -0.161782 
vn 1.78888e-17 -0.998533 0.0541389 
vn -1.78888e-17 -0.998533 -0.0541389 
vn 5.34566e-17 -0.986827 0.161782 
vn 1.78888e-17 -0.998533 0.0541389 
vn 8.83977e-17 -0.96355 0.267528 
vn 5.34566e-17 -0.986827 0.161782 
vn 1.22302e-16 -0.928977 0.370138 
vn 8.83977e-17 -0.96355 0.267528 
vn 1.54773e-16 -0.883512 0.468408 
vn 1.22302e-16 -0.928977 0.370138 
vn 1.85429e-16 -0.827689 0.561187 
vn 1.54773e-16 -0.883512 0.468408 
vn 2.13912e-16 -0.762162 0.647386 
vn 1.85429e-16 -0.827689 0.561187 
vn 2.39886e-16 -0.687699 0.725995 
vn 2.13912e-16 -0.762162 0.647386 
vn 2.63048e-16 -0.605174 0.796093 
vn 2.39886e-16 -0.687699 0.725995 
vn 2.83126e-16 -0.515554 0.856857 
vn 2.63048e-16 -0.605174 0.796093 
vn 2.99884e-16 -0.419889 0.907575 
vn 2.83126e-16 -0.515554 0.856857 
vn 3.13127e-16 -0.319302 0.947653 
vn 2.99884e-16 -0.419889 0.907575 
vn 3.22698e-16 -0.21497 0.976621 
vn 3.13127e-16 -0.319302 0.947653 
vn 3.28487e-16 -0.108119 0.994138 
vn 3.22698e-16 -0.21497 0.976621 
vn 3.28487e-16 0.108119 0.994138 
vn 3.30424e-16 2.44929e-16 1 
vn 3.22698e-16 0.21497 0.976621 
vn 3.28487e-16 0.108119 0.994138 
vn 3.13127e-16 0.319302 0.947653 
vn 3.22698e-16 0.21497 0.976621 
vn 2.99884e-16 0.419889 0.907575 
vn 3.13127e-16 0.319302 0.947653 
vn 2.83126e-16 0.515554 0.856857 
vn 2.99884e-16 0.419889 0.907575 
vn 2.63048e-16 0.605174 0.796093 
vn 2.83126e-16 0.515554 0.856857 
vn 2.39886e-16 0.687699 0.725995 
vn 2.63048e-16 0.605174 0.796093 
vn 2.13912e-16 0.762162 0.647386 
vn 2.39886e-16 0.687699 0.725995 
vn 1.85429e-16 0.827689 0.561187 
vn 2.13912e-16 0.762162 0.647386 
vn 1.54773e-16 0.883512 0.468408 
vn 1.85429e-16 0.827689 0.561187 
vn 1.22302e-16 0.928977 0.370138 
vn 1.54773e-16 0.883512 0.468408 
vn 8.83977e-17 0.96355 0.267528 
vn 1.22302e-16 0.928977 0.370138 
vn 5.34566e-17 0.986827 0.161782 
vn 8.83977e-17 0.96355 0.267528 
vn 1.78888e-17 0.998533 0.0541389 
vn 5.34566e-17 0.986827 0.161782 
vn -1.78888e-17 0.998533 -0.0541389 
vn 1.78888e-17 0.998533 0.0541389 
vn -5.34566e-17 0.986827 -0.161782 
vn -1.78888e-17 0.998533 -0.0541389 
vn -8.83977e-17 0.96355 -0.267528 
vn -5.34566e-17 0.986827 -0.161782 
vn -1.22302e-16 0.928977 -0.370138 
vn -8.83977e-17 0.96355 -0.267528 
vn -1.54773e-16 0.883512 -0.468408 
vn -1.22302e-16 0.928977 -0.370138 
vn -1.85429e-16 0.827689 -0.561187 
vn -1.54773e-16 0.883512 -0.468408 
vn -2.13912e-16 0.762162 -0.647386 
vn -1.85429e-16 0.827689 -0.561187 
vn -2.39886e-16 0.687699 -0.725995 
vn -2.13912e-16 0.762162 -0.647386 
vn -2.63048e-16 0.605174 -0.796093 
vn -2.39886e-16 0.687699 -0.725995 
vn -2.83126e-16 0.515554 -0.856857 
vn -2.63048e-16 0.605174 -0.796093 
vn -2.99884e-16 0.419889 -0.907575 
vn -2.83126e-16 0.515554 -0.856857 
vn -3.13127e-16 0.319302 -0.947653 
vn -2.99884e-16 0.419889 -0.907575 
vn -3.22698e-16 0.21497 -0.976621 
vn -3.13127e-16 0.319302 -0.947653 
vn -3.28487e-16 0.108119 -0.994138 
vn -3.22698e-16 0.21497 -0.976621 
vn -3.30424e-16 -1.22465e-16 -1 
vn -3.28487e-16 0.108119 -0.994138 
vn -3.28487e-16 -0.108119 -0.994138 
vn -3.30424e-16 -1.22465e-16 -1 
vn -3.22698e-16 -0.21497 -0.976621 
vn -3.28487e-16 -0.108119 -0.994138 
vn -3.13127e-16 -0.319302 -0.947653 
vn -3.22698e-16 -0.21497 -0.976621 
vn -2.99884e-16 -0.419889 -0.907575 
vn -3.13127e-16 -0.319302 -0.947653 
vn -2.83126e-16 -0.515554 -0.856857 
vn -2.99884e-16 -0.419889 -0.907575 
vn -2.63048e-16 -0.605174 -0.796093 
vn -2.83126e-16 -0.515554 -0.856857 
vn -2.39886e-16 -0.687699 -0.725995 
vn -2.63048e-16 -0.605174 -0.796093 
vn -2.13912e-16 -0.762162 -0.647386 
vn -2.39886e-16 -0.687699 -0.725995 
vn -1.85429e-16 -0.827689 -0.561187 
vn -2.13912e-16 -0.762162 -0.647386 
vn -1.54773e-16 -0.883512 -0.468408 
vn -1.85429e-16 -0.827689 -0.561187 
vn -1.22302e-16 -0.928977 -0.370138 
vn -1.54773e-16 -0.883512 -0.468408 
vn -8.83977e-17 -0.96355 -0.267528 
vn -1.22302e-16 -0.928977 -0.370138 
vn -5.34566e-17 -0.986827 -0.161782 
vn -8.83977e-17 -0.96355 -0.267528 
vn -1.78888e-17 -0.998533 -0.0541389 
vn -5.34566e-17 -0.986827 -0.161782 
vn 1.78888e-17 -0.998533 0.0541389 
vn -1.78888e-17 -0.998533 -0.0541389 
vn 5.34566e-17 -0.986827 0.161782 
vn 1.78888e-17 -0.998533 0.0541389 
vn 8.83977e-17 -0.96355 0.267528 
vn 5.34566e-17 -0.986827 0.161782 
vn 1.22302e-16 -0.928977 0.370138 
vn 8.83977e-17 -0.96355 0.267528 
vn 1.54773e-16 -0.883512 0.468408 
vn 1.22302e-16 -0.928977 0.370138 
vn 1.85429e-16 -0.827689 0.561187 
vn 1.54773e-16 -0.883512 0.468408 
vn 2.13912e-16 -0.762162 0.647386 
vn 1.85429e-16 -0.827689 0.561187 
vn 2.39886e-16 -0.687699 0.725995 
vn 2.13912e-16 -0.762162 0.647386 
vn 2.63048e-16 -0.605174 0.796093 
vn 2.39886e-16 -0.687699 0.725995 
vn 2.83126e-16 -0.515554 0.856857 
vn 2.63048e-16 -0.605174 0.796093 
vn 2.99884e-16 -0.419889 0.907575 
vn 2.83126e-16 -0.515554 0.856857 
vn 3.13127e-16 -0.319302 0.947653 
vn 2.99884e-16 -0.419889 0.907575 
vn 3.22698e-16 -0.21497 0.976621 
vn 3.13127e-16 -0.319302 0.947653 
vn 3.28487e-16 -0.108119 0.994138 
vn 3.22698e-16 -0.21497 0.976621 
vn 3.28487e-16 0.108119 0.994138 
vn 3.30424e-16 2.44929e-16 1 
vn 3.22698e-16 0.21497 0.976621 
vn 3.28487e-16 0.108119 0.994138 
vn 3.13127e-16 0.319302 0.947653 
vn 3.22698e-16 0.21497 0.976621 
vn 2.99884e-16 0.419889 0.907575 
vn 3.13127e-16 0.319302 0.947653 
vn 2.83126e-16 0.515554 0.856857 
vn 2.99884e-16 0.419889 0.907575 
vn 2.63048e-16 0.605174 0.796093 
vn 2.83126e-16 0.515554 0.856857 
vn 2.39886e-16 0.687699 0.725995 
vn 2.63048e-16 0.605174 0.796093 
vn 2.13912e-16 0.762162 0.647386 
vn 2.39886e-16 0.687699 0.725995 
vn 1.85429e-16 0.827689 0.561187 
vn 2.13912e-16 0.762162 0.647386 
vn 1.54773e-16 0.883512 0.468408 
vn 1.85429e-16 0.827689 0.561187 
vn 1.22302e-16 0.928977 0.370138 
vn 1.54773e-16 0.883512 0.468408 
vn 8.83977e-17 0.96355 0.267528 
vn 1.22302e-16 0.928977 0.370138 
vn 5.34566e-17 0.986827 0.161782 
vn 8.83977e-17 0.96355 0.267528 
vn 1.78888e-17 0.998533 0.0541389 
vn 5.34566e-17 0.986827 0.161782 
vn -1.78888e-17 0.998533 -0.0541389 
vn 1.78888e-17 0.998533 0.0541389 
vn -5.34566e-17 0.986827 -0.161782 
vn -1.78888e-17 0.998533 -0.0541389 
vn -8.83977e-17 0.96355 -0.267528 
vn -5.34566e-17 0.986827 -0.161782 
vn -1.22302e-16 0.928977 -0.370138 
vn -8.83977e-17 0.96355 -0.267528 
vn -1.54773e-16 0.883512 -0.468408 
vn -1.22302e-16 0.928977 -0.370138 
vn -1.85429e-16 0.827689 -0.561187 
vn -1.54773e-16 0.883512 -0.468408 
vn -2.13912e-16 0.762162 -0.647386 
vn -1.85429e-16 0.827689 -0.561187 
vn -2.39886e-16 0.687699 -0.725995 
vn -2.13912e-16 0.762162 -0.647386 
vn -2.63048e-16 0.605174 -0.796093 
vn -2.39886e-16 0.687699 -0.725995 
vn -2.83126e-16 0.515554 -0.856857 
vn -2.63048e-16 0.605174 -0.796093 
vn -2.99884e-16 0.419889 -0.907575 
vn -2.83126e-16 0.515554 -0.856857 
vn -3.13127e-16 0.319302 -0.947653 
vn -2.99884e-16 0.419889 -0.907575 
vn -3.22698e-16 0.21497 -0.976621 
vn -3.13127e-16 0.319302 -0.947653 
vn -3.28487e-16 0.108119 -0.994138 
vn -3.22698e-16 0.21497 -0.976621 
vn -3.30424e-16 -1.22465e-16 -1 
vn -3.28487e-16 0.108119 -0.994138 
vn -3.28487e-16 -0.108119 -0.994138 
vn -3.30424e-16 -1.22465e-16 -1 
vn -3.22698e-16 -0.21497 -0.976621 
vn -3.28487e-16 -0.108119 -0.994138 
vn -3.13127e-16 -0.319302 -0.947653 
vn -3.22698e-16 -0.21497 -0.976621 
vn -2.99884e-16 -0.419889 -0.907575 
vn -3.13127e-16 -0.319302 -0.947653 
vn -2.83126e-16 -0.515554 -0.856857 
vn -2.99884e-16 -0.419889 -0.907575 
vn -2.63048e-16 -0.605174 -0.796093 
vn -2.83126e-16 -0.515554 -0.856857 
vn -2.39886e-16 -0.687699 -0.725995 
vn -2.63048e-16 -0.605174 -0.796093 
vn -2.13912e-16 -0.762162 -0.647386 
vn -2.39886e-16 -0.687699 -0.725995 
vn -1.85429e-16 -0.827689 -0.561187 
vn -2.13912e-16 -0.762162 -0.647386 
vn -1.54773e-16 -0.883512 -0.468408 
vn -1.85429e-16 -0.827689 -0.561187 
vn -1.22302e-16 -0.928977 -0.370138 
vn -1.54773e-16 -0.883512 -0.468408 
vn -8.83977e-17 -0.96355 -0.267528 
vn -1.22302e-16 -0.928977 -0.370138 
vn -5.34566e-17 -0.986827 -0.161782 
vn -8.83977e-17 -0.96355 -0.267528 
vn -1.78888e-17 -0.998533 -0.0541389 
vn -5.34566e-17 -0.986827 -0.161782 
vn 1.78888e-17 -0.998533 0.0541389 
vn -1.78888e-17 -0.998533 -0.0541389 
vn 5.34566e-17 -0.986827 0.161782 
vn 1.78888e-17 -0.998533 0.0541389 
vn 8.83977e-17 -0.96355 0.267528 
vn 5.34566e-17 -0.986827 0.161782 
vn 1.22302e-16 -0.928977 0.370138 
vn 8.83977e-17 -0.96355 0.267528 
vn 1.54773e-16 -0.883512 0.468408 
vn 1.22302e-16 -0.928977 0.370138 
vn 1.85429e-16 -0.827689 0.561187 
vn 1.54773e-16 -0.883512 0.468408 
vn 2.13912e-16 -0.762162 0.647386 
vn 1.85429e-16 -0.827689 0.561187 
vn 2.39886e-16 -0.687699 0.725995 
vn 2.13912e-16 -0.762162 0.647386 
vn 2.63048e-16 -0.605174 0.796093 
vn 2.39886e-16 -0.687699 0.725995 
vn 2.83126e-16 -0.515554 0.856857 
vn 2.63048e-16 -0.605174 0.796093 
vn 2.99884e-16 -0.419889 0.907575 
vn 2.83126e-16 -0.515554 0.856857 
vn 3.13127e-16 -0.319302 0.947653 
vn 2.99884e-16 -0.419889 0.907575 
vn 3.22698e-16 -0.21497 0.976621 
vn 3.13127e-16 -0.319302 0.947653 
vn 3.28487e-16 -0.108119 0.994138 
vn 3.22698e-16 -0.21497 0.976621 
vn 3.28487e-16 0.108119 0.994138 
vn 3.30424e-16 2.44929e-16 1 
vn 3.22698e-16 0.21497 0.976621 
vn 3.28487e-16 0.108119 0.994138 
vn 3.13127e-16 0.319302 0.947653 
vn 3.22698e-16 0.21497 0.976621 
vn 2.99884e-16 0.419889 0.907575 
vn 3.13127e-16 0.319302 0.947653 
vn 2.83126e-16 0.515554 0.856857 
vn 2.99884e-16 0.419889 0.907575 
vn 2.63048e-16 0.605174 0.796093 
vn 2.83126e-16 0.515554 0.856857 
vn 2.39886e-16 0.687699 0.725995 
vn 2.63048e-16 0.605174 0.796093 
vn 2.13912e-16 0.762162 0.647386 
vn 2.39886e-16 0.687699 0.725995 
vn 1.85429e-16 0.827689 0.561187 
vn 2.13912e-16 0.762162 0.647386 
vn 1.54773e-16 0.883512 0.468408 
vn 1.85429e-16 0.827689 0.561187 
vn 1.22302e-16 0.928977 0.370138 
vn 1.54773e-16 0.883512 0.468408 
vn 8.83977e-17 0.96355 0.267528 
vn 1.22302e-16 0.928977 0.370138 
vn 5.34566e-17 0.986827 0.161782 
vn 8.83977e-17 0.96355 0.267528 
vn 1.78888e-17 0.998533 0.0541389 
vn 5.34566e-17 0.986827 0.161782 
vn -1.78888e-17 0.998533 -0.0541389 
vn 1.78888e-17 0.998533 0.0541389 
vn -5.34566e-17 0.986827 -0.161782 
vn -1.78888e-17 0.998533 -0.0541389 
vn -8.83977e-17 0.96355 -0.267528 
vn -5.34566e-17 0.986827 -0.161782 
vn -1.22302e-16 0.928977 -0.370138 
vn -8.83977e-17 0.96355 -0.267528 
vn -1.54773e-16 0.883512 -0.468408 
vn -1.22302e-16 0.928977 -0.370138 
vn -1.85429e-16 0.827689 -0.561187 
vn -1.54773e-16 0.883512 -0.468408 
vn -2.13912e-16 0.762162 -0.647386 
vn -1.85429e-16 0.827689 -0.561187 
vn -2.39886e-16 0.687699 -0.725995 
vn -2.13912e-16 0.762162 -0.647386 
vn -2.63048e-16 0.605174 -0.796093 
vn -2.39886e-16 0.687699 -0.725995 
vn -2.83126e-16 0.515554 -0.856857 
vn -2.63048e-16 0.605174 -0.796093 
vn -2.99884e-16 0.419889 -0.907575 
vn -2.83126e-16 0.515554 -0.856857 
vn -3.13127e-16 0.319302 -0.947653 
vn -2.99884e-16 0.419889 -0.907575 
vn -3.22698e-16 0.21497 -0.976621 
vn -3.13127e-16 0.319302 -0.947653 
vn -3.28487e-16 0.108119 -0.994138 
vn -3.22698e-16 0.21497 -0.976621 
vn -3.30424e-16 -1.22465e-16 -1 
vn -3.28487e-16 0.108119 -0.994138 
vn -3.28487e-16 -0.108119 -0.994138 
vn -3.30424e-16 -1.22465e-16 -1 
vn -3.22698e-16 -0.21497 -0.976621 
vn -3.28487e-16 -0.108119 -0.994138 
vn -3.13127e-16 -0.319302 -0.947653 
vn -3.22698e-16 -0.21497 -0.976621 
vn -2.99884e-16 -0.419889 -0.907575 
vn -3.13127e-16 -0.319302 -0.947653 
vn -2.83126e-16 -0.515554 -0.856857 
vn -2.99884e-16 -0.419889 -0.907575 
vn -2.63048e-16 -0.605174 -0.796093 
vn -2.83126e-16 -0.515554 -0.856857 
vn -2.39886e-16 -0.687699 -0.725995 
vn -2.63048e-16 -0.605174 -0.796093 
vn -2.13912e-16 -0.762162 -0.647386 
vn -2.39886e-16 -0.687699 -0.725995 
vn -1.85429e-16 -0.827689 -0.561187 
vn -2.13912e-16 -0.762162 -0.647386 
vn -1.54773e-16 -0.883512 -0.468408 
vn -1.85429e-16 -0.827689 -0.561187 
vn -1.22302e-16 -0.928977 -0.370138 
vn -1.54773e-16 -0.883512 -0.468408 
vn -8.83977e-17 -0.96355 -0.267528 
vn -1.22302e-16 -0.928977 -0.370138 
vn -5.34566e-17 -0.986827 -0.161782 
vn -8.83977e-17 -0.96355 -0.267528 
vn -1.78888e-17 -0.998533 -0.0541389 
vn -5.34566e-17 -0.986827 -0.161782 
vn 1.78888e-17 -0.998533 0.0541389 
vn -1.78888e-17 -0.998533 -0.0541389 
vn 5.34566e-17 -0.986827 0.161782 
vn 1.78888e-17 -0.998533 0.0541389 
vn 8.83977e-17 -0.96355 0.267528 
vn 5.34566e-17 -0.986827 0.161782 
vn 1.22302e-16 -0.928977 0.370138 
vn 8.83977e-17 -0.96355 0.267528 
vn 1.54773e-16 -0.883512 0.468408 
vn 1.22302e-16 -0.928977 0.370138 
vn 1.85429e-16 -0.827689 0.561187 
vn 1.54773e-16 -0.883512 0.468408 
vn 2.13912e-16 -0.762162 0.647386 
vn 1.85429e-16 -0.827689 0.561187 
vn 2.39886e-16 -0.687699 0.725995 
vn 2.13912e-16 -0.762162 0.647386 
vn 2.63048e-16 -0.605174 0.796093 
vn 2.39886e-16 -0.687699 0.725995 
vn 2.83126e-16 -0.515554 0.856857 
vn 2.63048e-16 -0.605174 0.796093 
vn 2.99884e-16 -0.419889 0.907575 
vn 2.83126e-16 -0.515554 0.856857 
vn 3.13127e-16 -0.319302 0.947653 
vn 2.99884e-16 -0.419889 0.907575 
vn 3.22698e-16 -0.21497 0.976621 
vn 3.13127e-16 -0.319302 0.947653 
vn 3.28487e-16 -0.108119 0.994138 
vn 3.22698e-16 -0.21497 0.976621 
usemtl 0.615686_0.811765_0.929412_0.000000_0.000000
o mesh0
f 1//1 2//2 3//2 
f 4//3 1//1 5//4 
f 6//5 4//3 7//6 
f 8//7 6//5 9//8 
f 10//9 8//7 11//10 
f 12//11 10//9 13//12 
f 14//13 12//11 15//14 
f 16//15 14//13 17//16 
f 18//17 16//15 19//18 
f 20//19 18//17 21//20 
f 22//21 20//19 23//22 
f 24//23 22//21 25//24 
f 26//25 24//23 27//26 
f 28//27 26//25 29//28 
f 30//29 28//27 31//30 
f 32//31 30//29 33//32 
f 34//33 32//31 35//34 
f 36//35 34//33 37//36 
f 38//37 36//35 39//38 
f 40//39 38//37 41//40 
f 42//41 40//39 43//42 
f 44//43 42//41 45//44 
f 46//45 44//43 47//46 
f 48//47 46//45 49//48 
f 50//49 48//47 51//50 
f 52//51 50//49 53//52 
f 54//53 52//51 55//54 
f 56//55 54//53 57//56 
f 58//57 56//55 59//58 
f 60//59 58//57 61//60 
f 62//61 60//59 63//62 
f 64//63 62//61 65//64 
f 66//65 64//63 67//66 
f 68//67 66//65 69//68 
f 70//69 68//67 71//70 
f 72//71 70//69 73//72 
f 74//73 72//71 75//74 
f 76//75 74//73 77//76 
f 78//77 76//75 79//78 
f 80//79 78//77 81//80 
f 82//81 80//79 83//82 
f 84//83 82//81 85//84 
f 86//85 84//83 87//86 
f 88//87 86//85 89//88 
f 90//89 88//87 91//90 
f 92//91 90//89 93//92 
f 94//93 92//91 95//94 
f 96//95 94//93 97//96 
f 98//97 96//95 99//98 
f 100//99 98//97 101//100 
f 102//101 100//99 103//102 
f 104//103 102//101 105//104 
f 106//105 104//103 107//106 
f 108//107 106//105 109//108 
f 110//109 108//107 111//110 
f 112//111 110//109 113//112 
f 114//113 112//111 115//114 
f 2//2 114//113 116//113 
f 116//113 3//2 2//2 
f 115//114 116//113 114//113 
f 113//112 115//114 112//111 
f 111//110 113//112 110//109 
f 109//108 111//110 108//107 
f 107//106 109//108 106//105 
f 105//104 107//106 104//103 
f 103//102 105//104 102//101 
f 101//100 103//102 100//99 
f 99//98 101//100 98//97 
f 97//96 99//98 96//95 
f 95//94 97//96 94//93 
f 93//92 95//94 92//91 
f 91//90 93//92 90//89 
f 89//88 91//90 88//87 
f 87//86 89//88 86//85 
f 85//84 87//86 84//83 
f 83//82 85//84 82//81 
f 81//80 83//82 80//79 
f 79//78 81//80 78//77 
f 77//76 79//78 76//75 
f 75//74 77//76 74//73 
f 73//72 75//74 72//71 
f 71//70 73//72 70//69 
f 69//68 71//70 68//67 
f 67//66 69//68 66//65 
f 65//64 67//66 64//63 
f 63//62 65//64 62//61 
f 61//60 63//62 60//59 
f 59//58 61//60 58//57 
f 57//56 59//58 56//55 
f 55//54 57//56 54//53 
f 53//52 55//54 52//51 
f 51//50 53//52 50//49 
f 49//48 51//50 48//47 
f 47//46 49//48 46//45 
f 45//44 47//46 44//43 
f 43//42 45//44 42//41 
f 41//40 43//42 40//39 
f 39//38 41//40 38//37 
f 37//36 39//38 36//35 
f 35//34 37//36 34//33 
f 33//32 35//34 32//31 
f 31//30 33//32 30//29 
f 29//28 31//30 28//27 
f 27//26 29//28 26//25 
f 25//24 27//26 24//23 
f 23//22 25//24 22//21 
f 21//20 23//22 20//19 
f 19//18 21//20 18//17 
f 17//16 19//18 16//15 
f 15//14 17//16 14//13 
f 13//12 15//14 12//11 
f 11//10 13//12 10//9 
f 9//8 11//10 8//7 
f 7//6 9//8 6//5 
f 5//4 7//6 4//3 
f 3//2 5//4 1//1 
o mesh1
f 117//115 118//115 30//115 
f 119//115 120//115 121//115 
f 121//115 122//115 123//115 
f 118//115 28//115 30//115 
f 124//115 86//115 88//115 
f 125//115 126//115 127//115 
f 62//115 124//115 125//115 
f 121//115 128//115 129//115 
f 121//115 130//115 131//115 
f 121//115 132//115 122//115 
f 118//115 133//115 134//115 
f 118//115 26//115 28//115 
f 118//115 14//115 16//115 
f 124//115 84//115 86//115 
f 125//115 60//115 62//115 
f 121//115 135//115 128//115 
f 121//115 136//115 137//115 
f 123//115 130//115 121//115 
f 134//115 121//115 118//115 
f 118//115 138//115 139//115 
f 30//115 140//115 117//115 
f 16//115 18//115 118//115 
f 118//115 10//115 12//115 
f 88//115 141//115 124//115 
f 127//115 58//115 60//115 
f 142//115 143//115 144//115 
f 137//115 135//115 121//115 
f 134//115 132//115 121//115 
f 117//115 138//115 118//115 
f 118//115 22//115 24//115 
f 12//115 14//115 118//115 
f 88//115 145//115 141//115 
f 124//115 80//115 82//115 
f 124//115 76//115 78//115 
f 124//115 72//115 74//115 
f 125//115 146//115 126//115 
f 125//115 147//115 148//115 
f 142//115 149//115 143//115 
f 142//115 150//115 151//115 
f 131//115 136//115 121//115 
f 118//115 152//115 153//115 
f 24//115 26//115 118//115 
f 18//115 20//115 118//115 
f 82//115 84//115 124//115 
f 74//115 76//115 124//115 
f 125//115 154//115 146//115 
f 148//115 155//115 125//115 
f 147//115 125//115 156//115 
f 157//115 156//115 158//115 
f 142//115 159//115 160//115 
f 151//115 149//115 142//115 
f 142//115 161//115 162//115 
f 58//115 127//115 163//115 
f 164//115 165//115 120//115 
f 153//115 133//115 118//115 
f 20//115 22//115 118//115 
f 78//115 80//115 124//115 
f 124//115 68//115 70//115 
f 155//115 154//115 125//115 
f 156//115 166//115 167//115 
f 158//115 168//115 157//115 
f 158//115 169//115 170//115 
f 144//115 159//115 142//115 
f 169//115 158//115 150//115 
f 142//115 171//115 161//115 
f 163//115 172//115 58//115 
f 173//115 174//115 175//115 
f 173//115 176//115 177//115 
f 164//115 178//115 165//115 
f 164//115 175//115 179//115 
f 139//115 152//115 118//115 
f 30//115 180//115 181//115 
f 182//115 30//115 32//115 
f 4//115 118//115 183//115 
f 70//115 72//115 124//115 
f 124//115 64//115 66//115 
f 156//115 167//115 147//115 
f 170//115 168//115 158//115 
f 150//115 142//115 169//115 
f 142//115 184//115 171//115 
f 58//115 185//115 186//115 
f 172//115 187//115 58//115 
f 177//115 174//115 173//115 
f 179//115 178//115 164//115 
f 181//115 140//115 30//115 
f 32//115 188//115 182//115 
f 118//115 189//115 183//115 
f 118//115 190//115 191//115 
f 88//115 192//115 145//115 
f 124//115 62//115 64//115 
f 88//115 193//115 194//115 
f 193//115 88//115 90//115 
f 157//115 166//115 156//115 
f 162//115 195//115 142//115 
f 162//115 196//115 197//115 
f 58//115 198//115 199//115 
f 58//115 200//115 201//115 
f 58//115 202//115 203//115 
f 187//115 185//115 58//115 
f 204//115 48//115 50//115 
f 204//115 44//115 46//115 
f 204//115 40//115 42//115 
f 204//115 32//115 34//115 
f 205//115 206//115 207//115 
f 205//115 208//115 209//115 
f 210//115 211//115 176//115 
f 210//115 207//115 212//115 
f 120//115 119//115 164//115 
f 182//115 180//115 30//115 
f 118//115 6//115 8//115 
f 183//115 2//115 1//115 
f 118//115 213//115 214//115 
f 191//115 215//115 118//115 
f 216//115 217//115 218//115 
f 216//115 219//115 220//115 
f 221//115 222//115 223//115 
f 221//115 224//115 225//115 
f 226//115 227//115 224//115 
f 66//115 68//115 124//115 
f 90//115 228//115 193//115 
f 160//115 184//115 142//115 
f 197//115 229//115 162//115 
f 204//115 56//115 58//115 
f 201//115 198//115 58//115 
f 186//115 202//115 58//115 
f 50//115 52//115 204//115 
f 42//115 44//115 204//115 
f 34//115 36//115 204//115 
f 205//115 230//115 196//115 
f 209//115 206//115 205//115 
f 212//115 211//115 210//115 
f 121//115 129//115 119//115 
f 118//115 4//115 6//115 
f 214//115 189//115 118//115 
f 215//115 231//115 118//115 
f 219//115 232//115 233//115 
f 219//115 234//115 235//115 
f 218//115 236//115 216//115 
f 220//115 237//115 216//115 
f 238//115 239//115 240//115 
f 221//115 241//115 222//115 
f 225//115 242//115 221//115 
f 224//115 221//115 226//115 
f 243//115 226//115 124//115 
f 194//115 192//115 88//115 
f 229//115 195//115 162//115 
f 204//115 54//115 56//115 
f 203//115 200//115 58//115 
f 46//115 48//115 204//115 
f 36//115 38//115 204//115 
f 196//115 208//115 205//115 
f 176//115 173//115 210//115 
f 8//115 10//115 118//115 
f 231//115 213//115 118//115 
f 235//115 232//115 219//115 
f 236//115 244//115 216//115 
f 237//115 245//115 216//115 
f 246//115 216//115 247//115 
f 240//115 221//115 238//115 
f 242//115 241//115 221//115 
f 221//115 248//115 226//115 
f 124//115 249//115 243//115 
f 127//115 60//115 125//115 
f 199//115 250//115 58//115 
f 38//115 40//115 204//115 
f 207//115 210//115 205//115 
f 183//115 1//115 4//115 
f 233//115 251//115 219//115 
f 245//115 217//115 216//115 
f 240//115 252//115 246//115 
f 221//115 253//115 238//115 
f 248//115 254//115 226//115 
f 141//115 249//115 124//115 
f 52//115 54//115 204//115 
f 175//115 164//115 173//115 
f 244//115 247//115 216//115 
f 240//115 255//115 252//115 
f 223//115 253//115 221//115 
f 58//115 250//115 204//115 
f 32//115 204//115 188//115 
f 256//115 90//115 92//115 
f 257//115 258//115 259//115 
f 257//115 260//115 118//115 
f 261//115 262//115 263//115 
f 261//115 257//115 264//115 
f 265//115 266//115 267//115 
f 251//115 220//115 219//115 
f 239//115 255//115 240//115 
f 226//115 268//115 269//115 
f 230//115 197//115 196//115 
f 90//115 270//115 271//115 
f 90//115 256//115 272//115 
f 92//115 273//115 274//115 
f 2//115 183//115 275//115 
f 276//115 102//115 104//115 
f 276//115 98//115 100//115 
f 276//115 94//115 96//115 
f 118//115 258//115 257//115 
f 264//115 262//115 261//115 
f 267//115 277//115 265//115 
f 265//115 261//115 278//115 
f 279//115 280//115 281//115 
f 279//115 265//115 282//115 
f 247//115 240//115 246//115 
f 269//115 283//115 226//115 
f 271//115 228//115 90//115 
f 272//115 284//115 90//115 
f 92//115 285//115 273//115 
f 92//115 276//115 286//115 
f 275//115 112//115 114//115 
f 276//115 106//115 108//115 
f 100//115 102//115 276//115 
f 276//115 92//115 94//115 
f 263//115 278//115 261//115 
f 278//115 266//115 265//115 
f 282//115 280//115 279//115 
f 279//115 287//115 288//115 
f 235//115 289//115 290//115 
f 283//115 227//115 226//115 
f 284//115 270//115 90//115 
f 286//115 285//115 92//115 
f 112//115 291//115 292//115 
f 275//115 114//115 2//115 
f 108//115 110//115 276//115 
f 96//115 98//115 276//115 
f 118//115 293//115 294//115 
f 259//115 264//115 257//115 
f 281//115 295//115 279//115 
f 279//115 295//115 287//115 
f 234//115 289//115 235//115 
f 92//115 274//115 256//115 
f 275//115 291//115 112//115 
f 104//115 106//115 276//115 
f 260//115 293//115 118//115 
f 288//115 296//115 279//115 
f 243//115 268//115 226//115 
f 110//115 112//115 276//115 
f 277//115 282//115 265//115 
f 292//115 276//115 112//115 
f 288//115 290//115 296//115 
f 294//115 190//115 118//115 
f 290//115 288//115 235//115 
o mesh2
f 162//116 297//116 298//116 
f 298//116 196//116 162//116 
o mesh3
f 299//117 235//117 288//117 
f 288//117 300//117 299//117 
o mesh4
f 118//118 121//118 301//118 
f 301//118 302//118 118//118 
o mesh5
f 196//119 298//119 303//120 
f 208//120 303//120 304//121 
f 209//121 304//121 305//122 
f 206//122 305//122 306//123 
f 207//123 306//123 307//124 
f 212//124 307//124 308//125 
f 211//125 308//125 309//126 
f 176//126 309//126 310//127 
f 177//127 310//127 311//128 
f 174//128 311//128 312//129 
f 175//129 312//129 313//130 
f 179//130 313//130 314//131 
f 178//131 314//131 315//132 
f 165//132 315//132 316//133 
f 120//133 316//133 301//134 
f 301//134 121//134 120//133 
f 316//133 120//133 165//132 
f 315//132 165//132 178//131 
f 314//131 178//131 179//130 
f 313//130 179//130 175//129 
f 312//129 175//129 174//128 
f 311//128 174//128 177//127 
f 310//127 177//127 176//126 
f 309//126 176//126 211//125 
f 308//125 211//125 212//124 
f 307//124 212//124 207//123 
f 306//123 207//123 206//122 
f 305//122 206//122 209//121 
f 304//121 209//121 208//120 
f 303//120 208//120 196//119 
o mesh6
f 300//135 288//135 287//136 
f 317//136 287//136 295//137 
f 318//137 295//137 281//138 
f 319//138 281//138 280//139 
f 320//139 280//139 282//140 
f 321//140 282//140 277//141 
f 322//141 277//141 267//142 
f 323//142 267//142 266//143 
f 324//143 266//143 278//144 
f 325//144 278//144 263//145 
f 326//145 263//145 262//146 
f 327//146 262//146 264//147 
f 328//147 264//147 259//148 
f 329//148 259//148 258//149 
f 330//149 258//149 118//150 
f 118//150 302//150 330//149 
f 258//149 330//149 329//148 
f 259//148 329//148 328//147 
f 264//147 328//147 327//146 
f 262//146 327//146 326//145 
f 263//145 326//145 325//144 
f 278//144 325//144 324//143 
f 266//143 324//143 323//142 
f 267//142 323//142 322//141 
f 277//141 322//141 321//140 
f 282//140 321//140 320//139 
f 280//139 320//139 319//138 
f 281//138 319//138 318//137 
f 295//137 318//137 317//136 
f 287//136 317//136 300//135 
o mesh7
f 124//151 226//150 331//150 
f 125//152 124//151 332//151 
f 156//153 125//152 333//152 
f 158//154 156//153 334//153 
f 150//155 158//154 335//154 
f 151//156 150//155 336//155 
f 149//157 151//156 337//156 
f 143//158 149//157 338//157 
f 144//159 143//158 339//158 
f 159//160 144//159 340//159 
f 160//161 159//160 341//160 
f 184//162 160//161 342//161 
f 171//163 184//162 343//162 
f 161//164 171//163 344//163 
f 162//165 161//164 345//164 
f 345//164 297//165 162//165 
f 344//163 345//164 161//164 
f 343//162 344//163 171//163 
f 342//161 343//162 184//162 
f 341//160 342//161 160//161 
f 340//159 341//160 159//160 
f 339//158 340//159 144//159 
f 338//157 339//158 143//158 
f 337//156 338//157 149//157 
f 336//155 337//156 151//156 
f 335//154 336//155 150//155 
f 334//153 335//154 158//154 
f 333//152 334//153 156//153 
f 332//151 333//152 125//152 
f 331//150 332//151 124//151 
o mesh8
f 346//166 347//167 254//167 
f 348//168 346//166 248//169 
f 349//170 348//168 221//171 
f 350//172 349//170 240//173 
f 351//174 350//172 247//175 
f 352//176 351//174 244//177 
f 353//178 352//176 236//179 
f 354//180 353//178 218//181 
f 355//182 354//180 217//183 
f 356//184 355//182 245//185 
f 357//186 356//184 237//187 
f 358//188 357//186 220//189 
f 359//190 358//188 251//191 
f 360//192 359//190 233//193 
f 299//194 360//192 232//195 
f 232//195 235//194 299//194 
f 233//193 232//195 360//192 
f 251//191 233//193 359//190 
f 220//189 251//191 358//188 
f 237//187 220//189 357//186 
f 245//185 237//187 356//184 
f 217//183 245//185 355//182 
f 218//181 217//183 354//180 
f 236//179 218//181 353//178 
f 244//177 236//179 352//176 
f 247//175 244//177 351//174 
f 240//173 247//175 350//172 
f 221//171 240//173 349//170 
f 248//169 221//171 348//168 
f 254//167 248//169 346//166 
o mesh9
f 188//196 204//197 361//197 
f 182//198 188//196 362//199 
f 180//200 182//198 363//201 
f 181//202 180//200 364//203 
f 140//204 181//202 365//205 
f 117//206 140//204 366//207 
f 138//208 117//206 367//209 
f 139//210 138//208 368//211 
f 152//212 139//210 369//213 
f 153//214 152//212 370//215 
f 133//216 153//214 371//217 
f 134//218 133//216 372//219 
f 132//220 134//218 373//221 
f 122//222 132//220 374//223 
f 123//224 122//222 375//225 
f 130//226 123//224 376//227 
f 131//228 130//226 377//229 
f 136//230 131//228 378//231 
f 137//232 136//230 379//233 
f 135//234 137//232 380//235 
f 128//236 135//234 381//237 
f 129//238 128//236 382//239 
f 119//240 129//238 383//241 
f 164//242 119//240 384//243 
f 173//244 164//242 385//245 
f 210//246 173//244 386//247 
f 205//248 210//246 387//249 
f 230//250 205//248 388//251 
f 197//252 230//250 389//253 
f 229//254 197//252 390//255 
f 195//256 229//254 391//257 
f 142//258 195//256 392//259 
f 169//260 142//258 393//261 
f 170//262 169//260 394//263 
f 168//264 170//262 395//265 
f 157//266 168//264 396//267 
f 166//268 157//266 397//269 
f 167//270 166//268 398//271 
f 147//272 167//270 399//273 
f 148//274 147//272 400//275 
f 155//276 148//274 401//277 
f 154//278 155//276 402//279 
f 146//280 154//278 403//281 
f 126//282 146//280 404//283 
f 127//284 126//282 405//285 
f 163//286 127//284 406//287 
f 172//288 163//286 407//289 
f 187//290 172//288 408//291 
f 185//292 187//290 409//293 
f 186//294 185//292 410//295 
f 202//296 186//294 411//297 
f 203//298 202//296 412//299 
f 200//300 203//298 413//301 
f 201//302 200//300 414//303 
f 198//304 201//302 415//305 
f 199//306 198//304 416//307 
f 250//308 199//306 417//309 
f 204//197 250//308 418//308 
f 418//308 361//197 204//197 
f 417//309 418//308 250//308 
f 416//307 417//309 199//306 
f 415//305 416//307 198//304 
f 414//303 415//305 201//302 
f 413//301 414//303 200//300 
f 412//299 413//301 203//298 
f 411//297 412//299 202//296 
f 410//295 411//297 186//294 
f 409//293 410//295 185//292 
f 408//291 409//293 187//290 
f 407//289 408//291 172//288 
f 406//287 407//289 163//286 
f 405//285 406//287 127//284 
f 404//283 405//285 126//282 
f 403//281 404//283 146//280 
f 402//279 403//281 154//278 
f 401//277 402//279 155//276 
f 400//275 401//277 148//274 
f 399//273 400//275 147//272 
f 398//271 399//273 167//270 
f 397//269 398//271 166//268 
f 396//267 397//269 157//266 
f 395//265 396//267 168//264 
f 394//263 395//265 170//262 
f 393//261 394//263 169//260 
f 392//259 393//261 142//258 
f 391//257 392//259 195//256 
f 390//255 391//257 229//254 
f 389//253 390//255 197//252 
f 388//251 389//253 230//250 
f 387//249 388//251 205//248 
f 386//247 387//249 210//246 
f 385//245 386//247 173//244 
f 384//243 385//245 164//242 
f 383//241 384//243 119//240 
f 382//239 383//241 129//238 
f 381//237 382//239 128//236 
f 380//235 381//237 135//234 
f 379//233 380//235 137//232 
f 378//231 379//233 136//230 
f 377//229 378//231 131//228 
f 376//227 377//229 130//226 
f 375//225 376//227 123//224 
f 374//223 375//225 122//222 
f 373//221 374//223 132//220 
f 372//219 373//221 134//218 
f 371//217 372//219 133//216 
f 370//215 371//217 153//214 
f 369//213 370//215 152//212 
f 368//211 369//213 139//210 
f 367//209 368//211 138//208 
f 366//207 367//209 117//206 
f 365//205 366//207 140//204 
f 364//203 365//205 181//202 
f 363//201 364//203 180//200 
f 362//199 363//201 182//198 
f 361//197 362//199 188//196 
o mesh10
f 296//310 290//311 419//311 
f 279//312 296//310 420//313 
f 265//314 279//312 421//315 
f 261//316 265//314 422//317 
f 257//318 261//316 423//319 
f 260//320 257//318 424//321 
f 293//322 260//320 425//323 
f 294//324 293//322 426//325 
f 190//326 294//324 427//327 
f 191//328 190//326 428//329 
f 215//330 191//328 429//331 
f 231//332 215//330 430//333 
f 213//334 231//332 431//335 
f 214//336 213//334 432//337 
f 189//338 214//336 433//339 
f 183//340 189//338 434//341 
f 275//342 183//340 435//343 
f 291//344 275//342 436//345 
f 292//346 291//344 437//347 
f 276//348 292//346 438//349 
f 286//350 276//348 439//351 
f 285//352 286//350 440//353 
f 273//354 285//352 441//355 
f 274//356 273//354 442//357 
f 256//358 274//356 443//359 
f 272//360 256//358 444//361 
f 284//362 272//360 445//363 
f 270//364 284//362 446//365 
f 271//366 270//364 447//367 
f 228//368 271//366 448//369 
f 193//370 228//368 449//371 
f 194//372 193//370 450//373 
f 192//374 194//372 451//375 
f 145//376 192//374 452//377 
f 141//378 145//376 453//379 
f 249//380 141//378 454//381 
f 243//382 249//380 455//383 
f 268//384 243//382 456//385 
f 269//386 268//384 457//387 
f 283//388 269//386 458//389 
f 227//390 283//388 459//391 
f 224//392 227//390 460//393 
f 225//394 224//392 461//395 
f 242//396 225//394 462//397 
f 241//398 242//396 463//399 
f 222//400 241//398 464//401 
f 223//402 222//400 465//403 
f 253//404 223//402 466//405 
f 238//406 253//404 467//407 
f 239//408 238//406 468//409 
f 255//410 239//408 469//411 
f 252//412 255//410 470//413 
f 246//414 252//412 471//415 
f 216//416 246//414 472//417 
f 219//418 216//416 473//419 
f 234//420 219//418 474//421 
f 289//422 234//420 475//423 
f 290//311 289//422 476//422 
f 476//422 419//311 290//311 
f 475//423 476//422 289//422 
f 474//421 475//423 234//420 
f 473//419 474//421 219//418 
f 472//417 473//419 216//416 
f 471//415 472//417 246//414 
f 470//413 471//415 252//412 
f 469//411 470//413 255//410 
f 468//409 469//411 239//408 
f 467//407 468//409 238//406 
f 466//405 467//407 253//404 
f 465//403 466//405 223//402 
f 464//401 465//403 222//400 
f 463//399 464//401 241//398 
f 462//397 463//399 242//396 
f 461//395 462//397 225//394 
f 460//393 461//395 224//392 
f 459//391 460//393 227//390 
f 458//389 459//391 283//388 
f 457//387 458//389 269//386 
f 456//385 457//387 268//384 
f 455//383 456//385 243//382 
f 454//381 455//383 249//380 
f 453//379 454//381 141//378 
f 452//377 453//379 145//376 
f 451//375 452//377 192//374 
f 450//373 451//375 194//372 
f 449//371 450//373 193//370 
f 448//369 449//371 228//368 
f 447//367 448//369 271//366 
f 446//365 447//367 270//364 
f 445//363 446//365 284//362 
f 444//361 445//363 272//360 
f 443//359 444//361 256//358 
f 442//357 443//359 274//356 
f 441//355 442//357 273//354 
f 440//353 441//355 285//352 
f 439//351 440//353 286//350 
f 438//349 439//351 276//348 
f 437//347 438//349 292//346 
f 436//345 437//347 291//344 
f 435//343 436//345 275//342 
f 434//341 435//343 183//340 
f 433//339 434//341 189//338 
f 432//337 433//339 214//336 
f 431//335 432//337 213//334 
f 430//333 431//335 231//332 
f 429//331 430//333 215//330 
f 428//329 429//331 191//328 
f 427//327 428//329 190//326 
f 426//325 427//327 294//324 
f 425//323 426//325 293//322 
f 424//321 425//323 260//320 
f 423//319 424//321 257//318 
f 422//317 423//319 261//316 
f 421//315 422//317 265//314 
f 420//313 421//315 279//312 
f 419//311 420//313 296//310 
o mesh11
f 477//424 478//424 479//424 
f 477//424 480//424 481//424 
f 477//424 482//424 478//424 
f 477//424 483//424 484//424 
f 226//424 485//424 486//424 
f 226//424 487//424 488//424 
f 226//424 489//424 490//424 
f 477//424 491//424 480//424 
f 484//424 482//424 477//424 
f 477//424 492//424 493//424 
f 488//424 485//424 226//424 
f 490//424 494//424 226//424 
f 479//424 491//424 477//424 
f 477//424 495//424 496//424 
f 493//424 497//424 477//424 
f 226//424 498//424 499//424 
f 494//424 487//424 226//424 
f 226//424 500//424 501//424 
f 496//424 483//424 477//424 
f 497//424 502//424 477//424 
f 499//424 503//424 226//424 
f 501//424 489//424 226//424 
f 226//424 504//424 505//424 
f 502//424 495//424 477//424 
f 506//424 507//424 254//424 
f 508//424 226//424 254//424 
f 486//424 498//424 226//424 
f 226//424 508//424 504//424 
f 477//424 509//424 492//424 
f 477//424 508//424 507//424 
f 254//424 507//424 508//424 
f 510//424 331//424 226//424 
f 505//424 500//424 226//424 
f 477//424 511//424 509//424 
f 254//424 347//424 506//424 
f 503//424 512//424 226//424 
f 481//424 513//424 477//424 
f 226//424 512//424 510//424 
f 507//424 514//424 477//424 
f 513//424 508//424 477//424 
o mesh12
f 515//425 507//425 506//425 
f 506//425 516//425 515//425 
o mesh13
f 517//426 510//426 512//426 
f 512//426 518//426 517//426 
o mesh14
f 519//427 508//427 513//427 
f 513//427 520//427 519//427 
o mesh15
f 508//427 519//427 521//428 
f 504//428 521//428 522//429 
f 505//429 522//429 523//430 
f 500//430 523//430 524//431 
f 501//431 524//431 525//432 
f 489//432 525//432 526//433 
f 490//433 526//433 527//434 
f 494//434 527//434 528//435 
f 487//435 528//435 529//436 
f 488//436 529//436 530//437 
f 485//437 530//437 531//438 
f 486//438 531//438 532//439 
f 498//439 532//439 533//440 
f 499//440 533//440 534//441 
f 503//441 534//441 518//442 
f 518//442 512//442 503//441 
f 534//441 503//441 499//440 
f 533//440 499//440 498//439 
f 532//439 498//439 486//438 
f 531//438 486//438 485//437 
f 530//437 485//437 488//436 
f 529//436 488//436 487//435 
f 528//435 487//435 494//434 
f 527//434 494//434 490//433 
f 526//433 490//433 489//432 
f 525//432 489//432 501//431 
f 524//431 501//431 500//430 
f 523//430 500//430 505//429 
f 522//429 505//429 504//428 
f 521//428 504//428 508//427 
o mesh16
f 520//443 513//443 481//444 
f 535//444 481//444 480//445 
f 536//445 480//445 491//446 
f 537//446 491//446 479//447 
f 538//447 479//447 478//448 
f 539//448 478//448 482//449 
f 540//449 482//449 484//450 
f 541//450 484//450 483//451 
f 542//451 483//451 496//452 
f 543//452 496//452 495//453 
f 544//453 495//453 502//454 
f 545//454 502//454 497//455 
f 546//455 497//455 493//456 
f 547//456 493//456 492//457 
f 548//457 492//457 509//458 
f 509//458 549//458 548//457 
f 492//457 548//457 547//456 
f 493//456 547//456 546//455 
f 497//455 546//455 545//454 
f 502//454 545//454 544//453 
f 495//453 544//453 543//452 
f 496//452 543//452 542//451 
f 483//451 542//451 541//450 
f 484//450 541//450 540//449 
f 482//449 540//449 539//448 
f 478//448 539//448 538//447 
f 479//447 538//447 537//446 
f 491//446 537//446 536//445 
f 480//445 536//445 535//444 
f 481//444 535//444 520//443 
o mesh17
f 507//459 515//459 550//459 
f 550//459 514//459 507//459 
o mesh18
f 551//460 477//461 514//461 
f 514//461 552//462 551//460 
f 553//463 551//460 554//464 
f 554//464 555//465 553//463 
f 556//466 553//463 557//467 
f 557//467 558//468 556//466 
f 559//469 556//466 560//470 
f 560//470 561//471 559//469 
f 562//472 559//469 563//473 
f 563//473 564//474 562//472 
f 565//475 562//472 566//476 
f 566//476 567//477 565//475 
f 568//478 565//475 569//479 
f 570//480 568//478 571//481 
f 572//482 570//480 573//483 
f 574//484 572//482 575//485 
f 576//486 574//484 577//487 
f 578//488 576//486 579//489 
f 580//490 578//488 581//491 
f 582//492 580//490 583//493 
f 584//494 582//492 585//495 
f 585//495 586//494 584//494 
f 583//493 585//495 582//492 
f 581//491 583//493 580//490 
f 579//489 581//491 578//488 
f 577//487 579//489 576//486 
f 575//485 577//487 574//484 
f 573//483 575//485 572//482 
f 571//481 573//483 570//480 
f 569//479 571//481 568//478 
f 567//477 569//479 565//475 
f 564//474 566//476 562//472 
f 561//471 563//473 559//469 
f 558//468 560//470 556//466 
f 555//465 557//467 553//463 
f 552//462 554//464 551//460 
o mesh19
f 587//496 511//497 582//498 
f 582//498 584//499 587//496 
f 511//497 580//500 582//498 
f 511//497 578//501 580//500 
f 511//497 576//502 578//501 
f 511//497 574//503 576//502 
f 511//497 572//504 574//503 
f 511//497 570//505 572//504 
f 511//497 568//506 570//505 
f 511//497 565//507 568//506 
f 511//497 562//508 565//507 
f 511//497 559//509 562//508 
f 511//497 556//510 559//509 
f 511//497 553//511 556//510 
f 511//497 477//512 551//513 
f 551//513 553//511 511//497 
f 587//496 588//514 589//515 
f 590//515 589//515 591//516 
f 592//516 591//516 593//517 
f 594//517 593//517 595//518 
f 596//518 595//518 597//519 
f 598//519 597//519 599//520 
f 600//520 599//520 601//521 
f 602//521 601//521 603//522 
f 604//522 603//522 605//523 
f 606//523 605//523 607//524 
f 608//524 607//524 609//525 
f 610//525 609//525 611//526 
f 612//526 611//526 613//527 
f 614//527 613//527 615//528 
f 616//528 615//528 617//529 
f 618//529 617//529 619//530 
f 620//530 619//530 621//531 
f 622//531 621//531 623//532 
f 624//532 623//532 625//533 
f 626//533 625//533 627//534 
f 628//534 627//534 629//535 
f 630//535 629//535 631//536 
f 632//536 631//536 633//537 
f 634//537 633//537 635//538 
f 636//538 635//538 637//539 
f 638//539 637//539 639//540 
f 640//540 639//540 641//541 
f 642//541 641//541 643//542 
f 644//542 643//542 645//543 
f 646//543 645//543 647//544 
f 648//544 647//544 649//545 
f 650//545 649//545 651//546 
f 652//546 651//546 653//547 
f 654//547 653//547 655//548 
f 656//548 655//548 657//549 
f 658//549 657//549 659//550 
f 660//550 659//550 661//551 
f 662//551 661//551 663//552 
f 664//552 663//552 665//553 
f 666//553 665//553 667//554 
f 668//554 667//554 669//555 
f 670//555 669//555 671//556 
f 672//556 671//556 673//557 
f 674//557 673//557 675//558 
f 676//558 675//558 677//559 
f 678//559 677//559 679//560 
f 680//560 679//560 681//561 
f 682//561 681//561 683//562 
f 684//562 683//562 685//563 
f 686//563 685//563 687//564 
f 688//564 687//564 689//565 
f 690//565 689//565 691//566 
f 692//566 693//567 694//568 
f 692//566 691//566 693//567 
f 694//568 695//569 692//566 
f 694//568 696//570 695//569 
f 696//570 697//571 695//569 
f 697//571 698//572 695//569 
f 698//572 699//573 695//569 
f 699//573 700//574 695//569 
f 700//574 701//575 695//569 
f 701//575 702//576 695//569 
f 702//576 703//577 695//569 
f 703//577 704//578 695//569 
f 704//578 705//579 695//569 
f 705//579 706//580 695//569 
f 706//580 707//581 695//569 
f 707//581 708//582 695//569 
f 708//582 709//583 695//569 
f 691//566 692//566 690//565 
f 689//565 690//565 688//564 
f 687//564 688//564 686//563 
f 685//563 686//563 684//562 
f 683//562 684//562 682//561 
f 681//561 682//561 680//560 
f 679//560 680//560 678//559 
f 677//559 678//559 676//558 
f 675//558 676//558 674//557 
f 673//557 674//557 672//556 
f 671//556 672//556 670//555 
f 669//555 670//555 668//554 
f 667//554 668//554 666//553 
f 665//553 666//553 664//552 
f 663//552 664//552 662//551 
f 661//551 662//551 660//550 
f 659//550 660//550 658//549 
f 657//549 658//549 656//548 
f 655//548 656//548 654//547 
f 653//547 654//547 652//546 
f 651//546 652//546 650//545 
f 649//545 650//545 648//544 
f 647//544 648//544 646//543 
f 645//543 646//543 644//542 
f 643//542 644//542 642//541 
f 641//541 642//541 640//540 
f 639//540 640//540 638//539 
f 637//539 638//539 636//538 
f 635//538 636//538 634//537 
f 633//537 634//537 632//536 
f 631//536 632//536 630//535 
f 629//535 630//535 628//534 
f 627//534 628//534 626//533 
f 625//533 626//533 624//532 
f 623//532 624//532 622//531 
f 621//531 622//531 620//530 
f 619//530 620//530 618//529 
f 617//529 618//529 616//528 
f 615//528 616//528 614//527 
f 613//527 614//527 612//526 
f 611//526 612//526 610//525 
f 609//525 610//525 608//524 
f 607//524 608//524 606//523 
f 605//523 606//523 604//522 
f 603//522 604//522 602//521 
f 601//521 602//521 600//520 
f 599//520 600//520 598//519 
f 597//519 598//519 596//518 
f 595//518 596//518 594//517 
f 593//517 594//517 592//516 
f 591//516 592//516 590//515 
f 589//515 590//515 587//496 
f 584//499 588//514 587//496 
o mesh20
f 710//584 552//584 514//585 
f 514//585 550//585 710//584 
f 711//586 554//586 552//584 
f 712//587 555//587 554//586 
f 712//587 557//588 555//587 
f 554//586 711//586 712//587 
f 558//589 557//588 713//588 
f 713//588 714//589 558//589 
f 715//590 560//590 558//589 
f 561//591 560//590 715//590 
f 715//590 716//591 561//591 
f 717//592 563//592 561//591 
f 564//593 563//592 717//592 
f 717//592 718//593 564//593 
f 719//594 566//594 564//593 
f 567//595 566//594 719//594 
f 719//594 720//595 567//595 
f 721//596 569//596 567//595 
f 722//597 571//597 569//596 
f 723//598 573//598 571//597 
f 575//599 573//598 723//598 
f 724//600 577//600 575//599 
f 579//601 577//600 724//600 
f 581//602 579//601 725//601 
f 726//603 583//603 581//602 
f 727//604 585//604 583//603 
f 728//605 586//605 585//604 
f 585//604 727//604 728//605 
f 583//603 726//603 727//604 
f 581//602 729//606 726//603 
f 725//601 729//606 581//602 
f 724//600 725//601 579//601 
f 575//599 730//607 724//600 
f 723//598 730//607 575//599 
f 571//597 722//597 723//598 
f 569//596 721//596 722//597 
f 720//595 721//596 567//595 
f 718//593 719//594 564//593 
f 716//591 717//592 561//591 
f 714//589 715//590 558//589 
f 712//587 713//588 557//588 
f 710//584 711//586 552//584 
o mesh21
f 693//608 728//608 727//609 
f 694//609 727//609 726//610 
f 696//610 726//610 729//611 
f 697//611 729//611 725//612 
f 698//612 725//612 724//613 
f 699//613 724//613 730//614 
f 700//614 730//614 723//615 
f 701//615 723//615 722//616 
f 702//616 722//616 721//617 
f 703//617 721//617 720//618 
f 720//618 704//619 703//617 
f 704//619 719//619 718//620 
f 718//620 705//621 704//619 
f 705//621 717//621 716//622 
f 716//622 706//623 705//621 
f 706//623 715//623 714//624 
f 714//624 707//625 706//623 
f 707//625 713//625 712//626 
f 712//626 708//627 707//625 
f 708//627 711//627 710//628 
f 710//628 709//629 708//627 
f 710//628 550//629 709//629 
f 712//626 711//627 708//627 
f 714//624 713//625 707//625 
f 716//622 715//623 706//623 
f 718//620 717//621 705//621 
f 720//618 719//619 704//619 
f 721//617 703//617 702//616 
f 722//616 702//616 701//615 
f 723//615 701//615 700//614 
f 730//614 700//614 699//613 
f 724//613 699//613 698//612 
f 725//612 698//612 697//611 
f 729//611 697//611 696//610 
f 726//610 696//610 694//609 
f 727//609 694//609 693//608 
o mesh22
f 532//629 527//629 526//629 
f 528//629 532//629 531//629 
f 532//629 528//629 527//629 
f 531//629 530//629 528//629 
f 709//629 537//629 538//629 
f 532//629 521//629 519//629 
f 532//629 523//629 522//629 
f 532//629 525//629 524//629 
f 530//629 529//629 528//629 
f 709//629 540//629 541//629 
f 538//629 539//629 709//629 
f 709//629 520//629 535//629 
f 522//629 521//629 532//629 
f 526//629 525//629 532//629 
f 709//629 546//629 547//629 
f 539//629 540//629 709//629 
f 535//629 536//629 709//629 
f 524//629 523//629 532//629 
f 532//629 731//629 732//629 
f 709//629 545//629 546//629 
f 709//629 542//629 543//629 
f 536//629 537//629 709//629 
f 732//629 533//629 532//629 
f 709//629 544//629 545//629 
f 541//629 542//629 709//629 
f 732//629 518//629 534//629 
f 517//629 518//629 732//629 
f 519//629 709//629 731//629 
f 709//629 550//629 515//629 
f 543//629 544//629 709//629 
f 732//629 733//629 517//629 
f 515//629 731//629 709//629 
f 547//629 548//629 709//629 
f 734//629 731//629 515//629 
f 519//629 731//629 532//629 
f 548//629 549//629 709//629 
f 534//629 533//629 732//629 
f 709//629 519//629 520//629 
f 549//629 695//629 709//629 
f 515//629 516//629 734//629 
o mesh23
f 735//630 731//630 734//630 
f 734//630 736//630 735//630 
o mesh24
f 737//631 738//631 733//631 
f 733//631 732//631 737//631 
o mesh25
f 732//632 731//632 735//632 
f 735//632 737//632 732//632 
o mesh26
f 739//633 740//634 741//633 
f 741//633 742//635 739//633 
f 739//633 743//634 740//634 
f 744//636 745//635 746//636 
f 746//636 747//637 744//636 
f 746//636 748//637 747//637 
f 749//638 748//637 750//638 
f 750//638 751//639 749//638 
f 750//638 752//639 751//639 
f 753//640 752//639 754//640 
f 754//640 755//641 753//640 
f 754//640 756//641 755//641 
f 757//642 756//641 758//642 
f 758//642 759//643 757//642 
f 758//642 760//644 759//643 
f 761//645 762//646 763//647 
f 764//648 760//644 762//646 
f 762//646 761//645 764//648 
f 763//647 765//649 761//645 
f 764//648 766//650 760//644 
f 767//651 768//652 769//653 
f 770//654 765//649 768//652 
f 768//652 767//651 770//654 
f 769//653 771//655 767//651 
f 770//654 772//656 765//649 
f 773//657 771//655 774//657 
f 774//657 735//658 773//657 
f 774//657 737//658 735//658 
f 773//657 767//651 771//655 
f 772//656 761//645 765//649 
f 766//650 759//643 760//644 
f 757//642 755//641 756//641 
f 753//640 751//639 752//639 
f 749//638 747//637 748//637 
f 744//636 742//635 745//635 
f 741//633 745//635 742//635 
o mesh27
f 775//659 776//659 777//660 
f 778//660 777//660 779//661 
f 780//661 779//661 781//662 
f 782//662 781//662 783//663 
f 784//663 783//663 785//664 
f 786//664 785//664 787//665 
f 788//665 787//665 789//666 
f 790//666 743//667 739//668 
f 790//666 789//666 743//667 
f 791//669 739//668 742//670 
f 742//670 792//671 791//669 
f 792//671 744//672 747//673 
f 747//673 793//674 792//671 
f 793//674 749//674 751//675 
f 751//675 794//676 793//674 
f 794//676 753//676 755//677 
f 755//677 795//678 794//676 
f 795//678 757//678 759//679 
f 759//679 796//680 795//678 
f 759//679 766//681 796//680 
f 796//680 764//680 761//682 
f 761//682 797//683 796//680 
f 761//682 772//684 797//683 
f 797//683 770//683 767//685 
f 767//685 736//686 797//683 
f 767//685 773//687 736//686 
f 773//687 735//686 736//686 
f 772//684 770//683 797//683 
f 766//681 764//680 796//680 
f 755//677 757//678 795//678 
f 751//675 753//676 794//676 
f 747//673 749//674 793//674 
f 742//670 744//672 792//671 
f 739//668 791//669 790//666 
f 789//666 790//666 788//665 
f 787//665 788//665 786//664 
f 785//664 786//664 784//663 
f 783//663 784//663 782//662 
f 781//662 782//662 780//661 
f 779//661 780//661 778//660 
f 777//660 778//660 775//659 
o mesh28
f 798//688 799//688 800//689 
f 801//689 800//689 802//690 
f 803//690 802//690 804//691 
f 805//691 804//691 806//692 
f 807//692 806//692 808//693 
f 809//693 808//693 810//694 
f 811//694 810//694 812//695 
f 813//696 738//697 737//697 
f 737//697 774//698 813//696 
f 774//698 771//699 813//696 
f 814//700 813//696 769//701 
f 769//701 768//702 814//700 
f 768//702 765//703 814//700 
f 815//704 762//705 760//706 
f 815//704 814//700 763//707 
f 763//707 762//705 815//704 
f 816//708 815//704 758//709 
f 758//709 756//710 816//708 
f 817//711 816//708 754//712 
f 754//712 752//713 817//711 
f 818//714 817//711 750//715 
f 750//715 748//716 818//714 
f 819//717 818//714 746//718 
f 746//718 745//719 819//717 
f 812//695 819//717 741//720 
f 741//720 740//721 812//695 
f 740//721 820//722 812//695 
f 745//719 741//720 819//717 
f 748//716 746//718 818//714 
f 752//713 750//715 817//711 
f 756//710 754//712 816//708 
f 760//706 758//709 815//704 
f 765//703 763//707 814//700 
f 771//699 769//701 813//696 
f 812//695 820//722 811//694 
f 810//694 811//694 809//693 
f 808//693 809//693 807//692 
f 806//692 807//692 805//691 
f 804//691 805//691 803//690 
f 802//690 803//690 801//689 
f 800//689 801//689 798//688 
o mesh29
f 799//723 798//723 821//723 
f 821//723 822//723 799//723 
o mesh30
f 823//723 824//723 776//723 
f 776//723 775//723 823//723 
o mesh31
f 400//724 399//724 334//724 
f 333//724 403//724 402//724 
f 825//724 462//724 461//724 
f 334//724 333//724 400//724 
f 402//724 401//724 333//724 
f 333//724 65//724 406//724 
f 461//724 115//724 825//724 
f 472//724 825//724 350//724 
f 401//724 400//724 333//724 
f 333//724 405//724 404//724 
f 406//724 405//724 333//724 
f 65//724 410//724 409//724 
f 461//724 116//724 115//724 
f 825//724 349//724 350//724 
f 825//724 506//724 347//724 
f 422//724 322//724 323//724 
f 57//724 301//724 374//724 
f 399//724 398//724 334//724 
f 333//724 332//724 65//724 
f 65//724 408//724 407//724 
f 65//724 411//724 410//724 
f 826//724 87//724 332//724 
f 825//724 463//724 462//724 
f 825//724 467//724 466//724 
f 825//724 348//724 349//724 
f 347//724 346//724 825//724 
f 421//724 320//724 321//724 
f 421//724 318//724 319//724 
f 422//724 324//724 325//724 
f 422//724 321//724 322//724 
f 301//724 55//724 53//724 
f 301//724 375//724 374//724 
f 394//724 341//724 340//724 
f 404//724 403//724 333//724 
f 409//724 408//724 65//724 
f 332//724 331//724 826//724 
f 825//724 464//724 463//724 
f 466//724 465//724 825//724 
f 825//724 470//724 469//724 
f 346//724 348//724 825//724 
f 476//724 355//724 356//724 
f 421//724 420//724 300//724 
f 319//724 320//724 421//724 
f 323//724 324//724 422//724 
f 423//724 327//724 328//724 
f 423//724 325//724 326//724 
f 424//724 330//724 302//724 
f 424//724 328//724 329//724 
f 302//724 434//724 433//724 
f 301//724 437//724 436//724 
f 301//724 33//724 31//724 
f 301//724 57//724 55//724 
f 374//724 61//724 59//724 
f 394//724 338//724 337//724 
f 394//724 342//724 341//724 
f 396//724 395//724 335//724 
f 407//724 406//724 65//724 
f 331//724 510//724 826//724 
f 825//724 93//724 91//724 
f 465//724 464//724 825//724 
f 469//724 468//724 825//724 
f 350//724 473//724 472//724 
f 473//724 350//724 351//724 
f 299//724 300//724 419//724 
f 356//724 357//724 476//724 
f 476//724 351//724 352//724 
f 300//724 317//724 421//724 
f 325//724 423//724 422//724 
f 326//724 327//724 423//724 
f 329//724 330//724 424//724 
f 302//724 429//724 428//724 
f 302//724 431//724 430//724 
f 302//724 435//724 434//724 
f 436//724 302//724 301//724 
f 31//724 441//724 301//724 
f 301//724 41//724 39//724 
f 374//724 59//724 57//724 
f 301//724 379//724 378//724 
f 393//724 392//724 297//724 
f 337//724 336//724 394//724 
f 340//724 339//724 394//724 
f 335//724 334//724 396//724 
f 398//724 397//724 334//724 
f 87//724 85//724 332//724 
f 826//724 91//724 89//724 
f 825//724 95//724 93//724 
f 825//724 101//724 99//724 
f 468//724 467//724 825//724 
f 472//724 471//724 825//724 
f 351//724 475//724 474//724 
f 476//724 360//724 299//724 
f 476//724 358//724 359//724 
f 476//724 354//724 355//724 
f 352//724 353//724 476//724 
f 321//724 422//724 421//724 
f 302//724 425//724 424//724 
f 428//724 427//724 302//724 
f 302//724 432//724 431//724 
f 436//724 435//724 302//724 
f 301//724 440//724 439//724 
f 31//724 443//724 442//724 
f 39//724 37//724 301//724 
f 301//724 376//724 375//724 
f 301//724 380//724 379//724 
f 301//724 382//724 381//724 
f 385//724 384//724 316//724 
f 387//724 386//724 309//724 
f 297//724 345//724 393//724 
f 339//724 338//724 394//724 
f 394//724 393//724 343//724 
f 397//724 396//724 334//724 
f 65//724 413//724 412//724 
f 85//724 83//724 332//724 
f 91//724 826//724 825//724 
f 99//724 97//724 825//724 
f 471//724 470//724 825//724 
f 351//724 476//724 475//724 
f 359//724 360//724 476//724 
f 353//724 354//724 476//724 
f 328//724 424//724 423//724 
f 427//724 426//724 302//724 
f 433//724 432//724 302//724 
f 439//724 438//724 301//724 
f 31//724 442//724 441//724 
f 37//724 35//724 301//724 
f 301//724 47//724 45//724 
f 301//724 377//724 376//724 
f 381//724 380//724 301//724 
f 384//724 383//724 301//724 
f 385//724 314//724 313//724 
f 316//724 315//724 385//724 
f 386//724 311//724 310//724 
f 386//724 385//724 312//724 
f 309//724 308//724 387//724 
f 304//724 303//724 388//724 
f 387//724 306//724 305//724 
f 345//724 344//724 393//724 
f 343//724 342//724 394//724 
f 412//724 411//724 65//724 
f 65//724 417//724 416//724 
f 332//724 81//724 79//724 
f 89//724 87//724 826//724 
f 825//724 103//724 101//724 
f 351//724 474//724 473//724 
f 461//724 5//724 3//724 
f 357//724 358//724 476//724 
f 426//724 425//724 302//724 
f 438//724 437//724 301//724 
f 35//724 33//724 301//724 
f 45//724 43//724 301//724 
f 301//724 51//724 49//724 
f 31//724 446//724 445//724 
f 446//724 31//724 29//724 
f 378//724 377//724 301//724 
f 301//724 316//724 384//724 
f 315//724 314//724 385//724 
f 312//724 311//724 386//724 
f 308//724 307//724 387//724 
f 305//724 304//724 387//724 
f 448//724 11//724 9//724 
f 9//724 455//724 454//724 
f 775//724 793//724 794//724 
f 782//724 788//724 790//724 
f 782//724 784//724 786//724 
f 791//724 775//724 778//724 
f 336//724 335//724 394//724 
f 65//724 414//724 413//724 
f 416//724 415//724 65//724 
f 418//724 63//724 61//724 
f 79//724 77//724 332//724 
f 97//724 95//724 825//724 
f 825//724 111//724 109//724 
f 3//724 116//724 461//724 
f 461//724 9//724 7//724 
f 300//724 420//724 419//724 
f 430//724 429//724 302//724 
f 31//724 444//724 443//724 
f 49//724 47//724 301//724 
f 29//724 447//724 446//724 
f 383//724 382//724 301//724 
f 310//724 309//724 386//724 
f 388//724 387//724 304//724 
f 388//724 303//724 298//724 
f 448//724 13//724 11//724 
f 9//724 452//724 451//724 
f 9//724 456//724 455//724 
f 775//724 792//724 793//724 
f 786//724 788//724 782//724 
f 778//724 780//724 791//724 
f 344//724 343//724 393//724 
f 415//724 414//724 65//724 
f 418//724 65//724 63//724 
f 332//724 75//724 73//724 
f 83//724 81//724 332//724 
f 825//724 107//724 105//724 
f 825//724 113//724 111//724 
f 7//724 5//724 461//724 
f 317//724 318//724 421//724 
f 43//724 41//724 301//724 
f 29//724 448//724 447//724 
f 313//724 312//724 385//724 
f 298//724 389//724 388//724 
f 448//724 15//724 13//724 
f 448//724 19//724 17//724 
f 451//724 450//724 9//724 
f 454//724 453//724 9//724 
f 9//724 460//724 459//724 
f 775//724 796//724 797//724 
f 775//724 791//724 792//724 
f 780//724 782//724 791//724 
f 395//724 394//724 335//724 
f 61//724 361//724 418//724 
f 61//724 365//724 364//724 
f 61//724 373//724 372//724 
f 332//724 69//724 67//724 
f 77//724 75//724 332//724 
f 109//724 107//724 825//724 
f 419//724 476//724 299//724 
f 445//724 444//724 31//724 
f 307//724 306//724 387//724 
f 298//724 297//724 390//724 
f 17//724 15//724 448//724 
f 453//724 452//724 9//724 
f 9//724 458//724 457//724 
f 9//724 461//724 460//724 
f 448//724 29//724 27//724 
f 775//724 795//724 796//724 
f 790//724 791//724 782//724 
f 418//724 417//724 65//724 
f 61//724 363//724 362//724 
f 61//724 366//724 365//724 
f 61//724 368//724 367//724 
f 61//724 371//724 370//724 
f 61//724 374//724 373//724 
f 332//724 71//724 69//724 
f 105//724 103//724 825//724 
f 441//724 440//724 301//724 
f 390//724 389//724 298//724 
f 450//724 449//724 9//724 
f 459//724 458//724 9//724 
f 448//724 23//724 21//724 
f 27//724 25//724 448//724 
f 819//724 802//724 800//724 
f 804//724 810//724 808//724 
f 804//724 819//724 812//724 
f 799//724 815//724 816//724 
f 794//724 795//724 775//724 
f 736//724 516//724 823//724 
f 392//724 391//724 297//724 
f 364//724 363//724 61//724 
f 61//724 369//724 368//724 
f 372//724 371//724 61//724 
f 73//724 71//724 332//724 
f 53//724 51//724 301//724 
f 457//724 456//724 9//724 
f 25//724 23//724 448//724 
f 819//724 804//724 802//724 
f 812//724 810//724 804//724 
f 816//724 817//724 799//724 
f 823//724 775//724 736//724 
f 362//724 361//724 61//724 
f 370//724 369//724 61//724 
f 115//724 113//724 825//724 
f 21//724 19//724 448//724 
f 808//724 806//724 804//724 
f 817//724 818//724 799//724 
f 799//724 738//724 813//724 
f 797//724 736//724 775//724 
f 516//724 506//724 825//724 
f 367//724 366//724 61//724 
f 9//724 449//724 448//724 
f 818//724 819//724 799//724 
f 813//724 814//724 799//724 
f 825//724 823//724 516//724 
f 67//724 65//724 332//724 
f 814//724 815//724 799//724 
f 391//724 390//724 297//724 
f 517//724 822//724 826//724 
f 733//724 799//724 822//724 
f 799//724 733//724 738//724 
f 826//724 510//724 517//724 
f 800//724 799//724 819//724 
f 822//724 517//724 733//724 
f 736//724 734//724 516//724 
o mesh32
f 827//724 811//724 743//724 
f 828//724 827//724 789//724 
f 827//724 809//724 811//724 
f 743//724 811//724 820//724 
f 743//724 789//724 827//724 
f 828//724 777//724 776//724 
f 789//724 787//724 828//724 
f 828//724 779//724 777//724 
f 828//724 783//724 781//724 
f 827//724 807//724 809//724 
f 827//724 803//724 805//724 
f 827//724 821//724 798//724 
f 781//724 779//724 828//724 
f 828//724 787//724 785//724 
f 805//724 807//724 827//724 
f 798//724 801//724 827//724 
f 785//724 783//724 828//724 
f 801//724 803//724 827//724 
f 820//724 740//724 743//724 
f 776//724 824//724 828//724 
o mesh33
f 828//725 825//725 826//725 
f 826//725 827//725 828//725 
o mesh34
f 823//726 825//726 828//726 
f 828//726 824//726 823//726 
o mesh35
f 822//727 821//727 827//727 
f 827//727 826//727 822//727 
o mesh36
f 829//727 830//727 688//727 
f 831//727 587//727 832//727 
f 688//727 833//727 834//727 
f 688//727 690//727 829//727 
f 587//727 835//727 832//727 
f 598//727 836//727 837//727 
f 838//727 839//727 840//727 
f 838//727 841//727 842//727 
f 843//727 844//727 845//727 
f 844//727 843//727 846//727 
f 686//727 834//727 847//727 
f 830//727 833//727 688//727 
f 848//727 849//727 690//727 
f 850//727 851//727 692//727 
f 832//727 852//727 853//727 
f 854//727 587//727 590//727 
f 596//727 837//727 855//727 
f 598//727 856//727 836//727 
f 598//727 857//727 858//727 
f 859//727 860//727 861//727 
f 862//727 610//727 612//727 
f 863//727 612//727 614//727 
f 864//727 614//727 616//727 
f 865//727 616//727 618//727 
f 866//727 618//727 620//727 
f 622//727 624//727 867//727 
f 868//727 869//727 870//727 
f 869//727 868//727 871//727 
f 838//727 872//727 839//727 
f 838//727 873//727 874//727 
f 838//727 832//727 841//727 
f 843//727 875//727 876//727 
f 846//727 877//727 844//727 
f 846//727 878//727 879//727 
f 847//727 880//727 686//727 
f 690//727 849//727 829//727 
f 692//727 851//727 848//727 
f 695//727 881//727 850//727 
f 882//727 883//727 695//727 
f 511//727 884//727 885//727 
f 587//727 886//727 835//727 
f 590//727 887//727 854//727 
f 888//727 590//727 592//727 
f 592//727 594//727 889//727 
f 594//727 890//727 891//727 
f 596//727 892//727 893//727 
f 837//727 596//727 598//727 
f 598//727 894//727 857//727 
f 598//727 859//727 895//727 
f 861//727 896//727 859//727 
f 614//727 864//727 863//727 
f 618//727 897//727 865//727 
f 620//727 898//727 866//727 
f 867//727 899//727 622//727 
f 626//727 900//727 901//727 
f 868//727 902//727 903//727 
f 871//727 846//727 869//727 
f 874//727 872//727 838//727 
f 842//727 904//727 838//727 
f 843//727 905//727 875//727 
f 879//727 877//727 846//727 
f 682//727 906//727 907//727 
f 834//727 686//727 688//727 
f 692//727 695//727 850//727 
f 695//727 511//727 882//727 
f 511//727 908//727 884//727 
f 909//727 910//727 911//727 
f 587//727 912//727 886//727 
f 854//727 913//727 587//727 
f 592//727 914//727 888//727 
f 889//727 915//727 592//727 
f 594//727 893//727 890//727 
f 855//727 892//727 596//727 
f 858//727 916//727 598//727 
f 896//727 895//727 859//727 
f 616//727 865//727 864//727 
f 620//727 917//727 898//727 
f 899//727 918//727 622//727 
f 624//727 919//727 920//727 
f 901//727 624//727 626//727 
f 626//727 921//727 922//727 
f 870//727 902//727 868//727 
f 904//727 873//727 838//727 
f 845//727 905//727 843//727 
f 923//727 843//727 924//727 
f 925//727 926//727 927//727 
f 658//727 928//727 929//727 
f 682//727 930//727 906//727 
f 690//727 692//727 848//727 
f 511//727 931//727 882//727 
f 885//727 932//727 511//727 
f 511//727 933//727 909//727 
f 831//727 933//727 511//727 
f 913//727 912//727 587//727 
f 915//727 914//727 592//727 
f 893//727 594//727 596//727 
f 598//727 934//727 935//727 
f 598//727 936//727 894//727 
f 895//727 937//727 598//727 
f 866//727 897//727 618//727 
f 917//727 620//727 622//727 
f 920//727 867//727 624//727 
f 922//727 900//727 626//727 
f 628//727 938//727 921//727 
f 628//727 939//727 940//727 
f 941//727 939//727 628//727 
f 840//727 868//727 838//727 
f 839//727 942//727 943//727 
f 846//727 944//727 878//727 
f 846//727 871//727 945//727 
f 632//727 926//727 925//727 
f 927//727 923//727 925//727 
f 946//727 947//727 948//727 
f 929//727 656//727 658//727 
f 949//727 950//727 951//727 
f 952//727 953//727 954//727 
f 952//727 955//727 956//727 
f 952//727 907//727 957//727 
f 682//727 958//727 930//727 
f 682//727 684//727 959//727 
f 883//727 881//727 695//727 
f 932//727 960//727 511//727 
f 511//727 587//727 831//727 
f 888//727 887//727 590//727 
f 935//727 856//727 598//727 
f 937//727 936//727 598//727 
f 859//727 961//727 962//727 
f 859//727 963//727 964//727 
f 965//727 604//727 606//727 
f 966//727 606//727 608//727 
f 622//727 967//727 917//727 
f 901//727 919//727 624//727 
f 940//727 938//727 628//727 
f 630//727 968//727 941//727 
f 969//727 968//727 630//727 
f 632//727 970//727 971//727 
f 943//727 840//727 839//727 
f 945//727 944//727 846//727 
f 632//727 972//727 973//727 
f 924//727 925//727 923//727 
f 948//727 974//727 946//727 
f 975//727 976//727 977//727 
f 975//727 978//727 979//727 
f 975//727 839//727 980//727 
f 926//727 632//727 634//727 
f 981//727 634//727 636//727 
f 982//727 650//727 652//727 
f 652//727 983//727 984//727 
f 652//727 654//727 985//727 
f 654//727 656//727 986//727 
f 656//727 987//727 988//727 
f 658//727 989//727 928//727 
f 990//727 991//727 660//727 
f 992//727 993//727 662//727 
f 994//727 992//727 664//727 
f 995//727 994//727 666//727 
f 996//727 997//727 676//727 
f 951//727 998//727 949//727 
f 952//727 999//727 1000//727 
f 952//727 1001//727 953//727 
f 957//727 955//727 952//727 
f 682//727 1002//727 958//727 
f 682//727 1003//727 1004//727 
f 682//727 1005//727 1006//727 
f 959//727 1007//727 682//727 
f 684//727 686//727 1008//727 
f 960//727 931//727 511//727 
f 511//727 1009//727 1010//727 
f 832//727 853//727 831//727 
f 832//727 838//727 1011//727 
f 916//727 934//727 598//727 
f 964//727 961//727 859//727 
f 1012//727 1013//727 948//727 
f 1014//727 602//727 604//727 
f 608//727 1015//727 966//727 
f 1015//727 608//727 610//727 
f 918//727 967//727 622//727 
f 628//727 630//727 941//727 
f 632//727 1016//727 969//727 
f 632//727 1017//727 970//727 
f 876//727 924//727 843//727 
f 925//727 972//727 632//727 
f 975//727 1018//727 946//727 
f 975//727 1019//727 1020//727 
f 975//727 1021//727 976//727 
f 980//727 978//727 975//727 
f 636//727 1022//727 981//727 
f 1022//727 636//727 638//727 
f 1023//727 646//727 648//727 
f 652//727 1024//727 982//727 
f 985//727 983//727 652//727 
f 654//727 1025//727 1026//727 
f 988//727 986//727 656//727 
f 658//727 1027//727 989//727 
f 1028//727 1027//727 658//727 
f 660//727 662//727 990//727 
f 662//727 664//727 992//727 
f 666//727 668//727 995//727 
f 1029//727 995//727 668//727 
f 1030//727 1029//727 670//727 
f 1031//727 1030//727 672//727 
f 676//727 678//727 996//727 
f 952//727 996//727 680//727 
f 1000//727 949//727 952//727 
f 956//727 1001//727 952//727 
f 682//727 1032//727 1002//727 
f 1006//727 1003//727 682//727 
f 684//727 1033//727 959//727 
f 1008//727 1034//727 684//727 
f 511//727 1035//727 908//727 
f 1010//727 1036//727 511//727 
f 511//727 1037//727 1038//727 
f 1039//727 1040//727 951//727 
f 1011//727 852//727 832//727 
f 962//727 860//727 859//727 
f 859//727 1012//727 1041//727 
f 1012//727 859//727 1013//727 
f 859//727 598//727 600//727 
f 1014//727 600//727 602//727 
f 610//727 862//727 1015//727 
f 921//727 626//727 628//727 
f 971//727 1016//727 632//727 
f 973//727 1017//727 632//727 
f 839//727 975//727 1042//727 
f 975//727 1043//727 1018//727 
f 975//727 1044//727 1019//727 
f 979//727 1021//727 975//727 
f 638//727 1045//727 1022//727 
f 1045//727 638//727 640//727 
f 1046//727 640//727 642//727 
f 1047//727 642//727 644//727 
f 1048//727 644//727 646//727 
f 648//727 1049//727 1023//727 
f 1050//727 648//727 650//727 
f 984//727 1024//727 652//727 
f 986//727 1025//727 654//727 
f 658//727 660//727 1028//727 
f 993//727 990//727 662//727 
f 668//727 670//727 1029//727 
f 672//727 674//727 1031//727 
f 997//727 1031//727 674//727 
f 680//727 682//727 952//727 
f 954//727 999//727 952//727 
f 1004//727 1032//727 682//727 
f 1034//727 1033//727 684//727 
f 1036//727 1035//727 511//727 
f 1038//727 1051//727 511//727 
f 910//727 1052//727 1053//727 
f 910//727 1039//727 1054//727 
f 1039//727 910//727 1040//727 
f 891//727 889//727 594//727 
f 948//727 947//727 1012//727 
f 604//727 965//727 1014//727 
f 612//727 863//727 862//727 
f 903//727 838//727 868//727 
f 1042//727 1055//727 839//727 
f 1020//727 1043//727 975//727 
f 977//727 1056//727 975//727 
f 640//727 1046//727 1045//727 
f 644//727 1048//727 1047//727 
f 1023//727 1057//727 646//727 
f 650//727 1058//727 1050//727 
f 1026//727 985//727 654//727 
f 991//727 1028//727 660//727 
f 670//727 672//727 1030//727 
f 678//727 680//727 996//727 
f 907//727 952//727 682//727 
f 880//727 1008//727 686//727 
f 511//727 911//727 1037//727 
f 1053//727 1059//727 910//727 
f 951//727 950//727 1039//727 
f 1041//727 963//727 859//727 
f 606//727 966//727 965//727 
f 1055//727 942//727 839//727 
f 1056//727 1044//727 975//727 
f 642//727 1047//727 1046//727 
f 1050//727 1049//727 648//727 
f 929//727 987//727 656//727 
f 674//727 676//727 997//727 
f 1007//727 1005//727 682//727 
f 1051//727 1060//727 511//727 
f 1054//727 1052//727 910//727 
f 600//727 1014//727 859//727 
f 974//727 975//727 946//727 
f 646//727 1057//727 1048//727 
f 664//727 666//727 994//727 
f 1060//727 1009//727 511//727 
f 911//727 511//727 909//727 
f 634//727 981//727 926//727 
f 511//727 695//727 549//727 
f 998//727 952//727 949//727 
f 630//727 632//727 969//727 
f 982//727 1058//727 650//727 
f 549//727 509//727 511//727 
f 1059//727 911//727 910//727 
o mesh37
f 1061//726 631//726 629//726 
f 629//726 1062//726 1063//726 
f 631//726 1064//726 1065//726 
f 629//726 1063//726 1061//726 
f 1062//726 629//726 627//726 
f 627//726 625//726 1066//726 
f 1065//726 1067//726 631//726 
f 627//726 1068//726 1062//726 
f 627//726 1069//726 1070//726 
f 625//726 1071//726 1066//726 
f 625//726 623//726 1072//726 
f 621//726 1073//726 1074//726 
f 1075//726 1076//726 1077//726 
f 1076//726 1075//726 1078//726 
f 1079//726 586//726 1080//726 
f 1061//726 1064//726 631//726 
f 1066//726 1069//726 627//726 
f 1072//726 1081//726 625//726 
f 621//726 1082//726 1073//726 
f 1078//726 1083//726 1076//726 
f 631//726 1084//726 1075//726 
f 1080//726 1085//726 1079//726 
f 1070//726 1068//726 627//726 
f 623//726 1086//726 1072//726 
f 623//726 1074//726 1087//726 
f 621//726 1088//726 1082//726 
f 1089//726 1090//726 619//726 
f 1075//726 1091//726 631//726 
f 631//726 1092//726 1093//726 
f 1083//726 1094//726 1079//726 
f 1083//726 1078//726 1095//726 
f 586//726 1096//726 1080//726 
f 728//726 1097//726 1098//726 
f 1081//726 1071//726 625//726 
f 1074//726 623//726 621//726 
f 619//726 617//726 1089//726 
f 1099//726 599//726 1100//726 
f 584//726 1101//726 1102//726 
f 1103//726 1104//726 649//726 
f 1093//726 1084//726 631//726 
f 1095//726 1094//726 1083//726 
f 586//726 1105//726 1096//726 
f 1098//726 586//726 728//726 
f 728//726 1106//726 1107//726 
f 1087//726 1086//726 623//726 
f 1108//726 1088//726 621//726 
f 617//726 1109//726 1089//726 
f 1110//726 1109//726 617//726 
f 1111//726 1112//726 607//726 
f 1113//726 1111//726 605//726 
f 599//726 1114//726 1100//726 
f 1102//726 1115//726 584//726 
f 584//726 1116//726 1117//726 
f 584//726 1118//726 1119//726 
f 1120//726 1121//726 651//726 
f 649//726 647//726 1103//726 
f 1079//726 1122//726 1083//726 
f 586//726 1123//726 1105//726 
f 1098//726 1124//726 586//726 
f 1107//726 1125//726 728//726 
f 621//726 619//726 1108//726 
f 617//726 615//726 1110//726 
f 1126//726 1110//726 615//726 
f 1127//726 1126//726 613//726 
f 1112//726 1128//726 609//726 
f 605//726 603//726 1113//726 
f 1129//726 1113//726 603//726 
f 1100//726 1130//726 1131//726 
f 584//726 1132//726 1101//726 
f 1119//726 1116//726 584//726 
f 1133//726 1134//726 1118//726 
f 1133//726 1135//726 1136//726 
f 681//726 1137//726 1138//726 
f 681//726 1139//726 1140//726 
f 1139//726 1141//726 1142//726 
f 1139//726 1143//726 1144//726 
f 1145//726 677//726 675//726 
f 657//726 655//726 1146//726 
f 651//726 1147//726 1148//726 
f 651//726 1121//726 1149//726 
f 1104//726 1120//726 649//726 
f 1150//726 1151//726 647//726 
f 1152//726 1153//726 645//726 
f 1154//726 1152//726 643//726 
f 1155//726 1156//726 635//726 
f 1091//726 1155//726 633//726 
f 1085//726 1122//726 1079//726 
f 1125//726 1097//726 728//726 
f 1090//726 1108//726 619//726 
f 613//726 611//726 1127//726 
f 607//726 605//726 1111//726 
f 603//726 601//726 1129//726 
f 599//726 1157//726 1114//726 
f 595//726 593//726 1158//726 
f 593//726 1159//726 1160//726 
f 1117//726 1132//726 584//726 
f 1133//726 1161//726 1134//726 
f 1133//726 1162//726 1163//726 
f 1133//726 1164//726 1135//726 
f 687//726 685//726 1165//726 
f 685//726 1166//726 1167//726 
f 683//726 1168//726 1169//726 
f 681//726 1170//726 1137//726 
f 681//726 1171//726 1172//726 
f 1140//726 1173//726 681//726 
f 1139//726 1174//726 1175//726 
f 1142//726 1176//726 1139//726 
f 1139//726 1177//726 1178//726 
f 1139//726 1179//726 1180//726 
f 1144//726 1181//726 1139//726 
f 1139//726 681//726 679//726 
f 1145//726 679//726 677//726 
f 1182//726 675//726 673//726 
f 1183//726 673//726 671//726 
f 1184//726 671//726 669//726 
f 1185//726 669//726 667//726 
f 1186//726 667//726 665//726 
f 1187//726 665//726 663//726 
f 1188//726 663//726 661//726 
f 1189//726 661//726 659//726 
f 657//726 1190//726 1191//726 
f 655//726 1192//726 1146//726 
f 1149//726 1147//726 651//726 
f 647//726 1151//726 1103//726 
f 645//726 1153//726 1150//726 
f 643//726 641//726 1154//726 
f 1193//726 1154//726 641//726 
f 1194//726 1193//726 639//726 
f 1156//726 1194//726 637//726 
f 633//726 631//726 1091//726 
f 1124//726 1123//726 586//726 
f 615//726 613//726 1126//726 
f 1128//726 1127//726 611//726 
f 601//726 599//726 1129//726 
f 599//726 1195//726 1157//726 
f 597//726 1196//726 1195//726 
f 597//726 1197//726 1198//726 
f 597//726 595//726 1199//726 
f 1158//726 1200//726 595//726 
f 1160//726 1201//726 593//726 
f 1202//726 1203//726 589//726 
f 1204//726 1202//726 588//726 
f 584//726 1205//726 1206//726 
f 1118//726 584//726 1133//726 
f 1136//726 1162//726 1133//726 
f 1130//726 1207//726 1208//726 
f 1130//726 1209//726 1210//726 
f 1130//726 1100//726 1211//726 
f 1165//726 1212//726 687//726 
f 685//726 1169//726 1166//726 
f 683//726 1213//726 1168//726 
f 1138//726 683//726 681//726 
f 681//726 1214//726 1215//726 
f 681//726 1216//726 1217//726 
f 1173//726 1171//726 681//726 
f 1176//726 1174//726 1139//726 
f 1139//726 1218//726 1177//726 
f 1181//726 1179//726 1139//726 
f 1139//726 1219//726 1220//726 
f 1139//726 1221//726 1222//726 
f 1139//726 1223//726 1224//726 
f 675//726 1182//726 1145//726 
f 671//726 1184//726 1183//726 
f 667//726 1186//726 1185//726 
f 663//726 1188//726 1187//726 
f 661//726 1189//726 1225//726 
f 659//726 1226//726 1227//726 
f 1226//726 659//726 657//726 
f 1146//726 1190//726 657//726 
f 655//726 1228//726 1229//726 
f 653//726 1230//726 1228//726 
f 651//726 649//726 1120//726 
f 645//726 643//726 1152//726 
f 639//726 637//726 1194//726 
f 635//726 633//726 1155//726 
f 1067//726 1092//726 631//726 
f 609//726 607//726 1112//726 
f 728//726 1231//726 1232//726 
f 1100//726 1131//726 1099//726 
f 1198//726 1196//726 597//726 
f 595//726 1233//726 1199//726 
f 1201//726 1158//726 593//726 
f 588//726 584//726 1204//726 
f 1206//726 1234//726 584//726 
f 1163//726 1161//726 1133//726 
f 1133//726 1235//726 1236//726 
f 1130//726 1237//726 1238//726 
f 1208//726 1239//726 1130//726 
f 1211//726 1209//726 1130//726 
f 586//726 1240//726 1241//726 
f 586//726 1079//726 1242//726 
f 1243//726 693//726 691//726 
f 1244//726 691//726 689//726 
f 1167//726 1165//726 685//726 
f 1138//726 1213//726 683//726 
f 1217//726 1214//726 681//726 
f 1172//726 1245//726 681//726 
f 1178//726 1141//726 1139//726 
f 1139//726 1246//726 1247//726 
f 1220//726 1143//726 1139//726 
f 1224//726 1221//726 1139//726 
f 673//726 1183//726 1182//726 
f 665//726 1187//726 1186//726 
f 659//726 1227//726 1189//726 
f 1191//726 1248//726 657//726 
f 1228//726 655//726 653//726 
f 653//726 1148//726 1249//726 
f 647//726 645//726 1150//726 
f 637//726 635//726 1156//726 
f 611//726 609//726 1128//726 
f 1232//726 1250//726 728//726 
f 1195//726 599//726 597//726 
f 1200//726 1233//726 595//726 
f 584//726 1251//726 1204//726 
f 1115//726 1205//726 584//726 
f 1133//726 1252//726 1235//726 
f 1253//726 1254//726 1130//726 
f 1130//726 1255//726 1256//726 
f 1238//726 1257//726 1130//726 
f 1130//726 1258//726 1259//726 
f 1210//726 1207//726 1130//726 
f 1133//726 584//726 586//726 
f 1241//726 1260//726 586//726 
f 586//726 1261//726 1262//726 
f 1242//726 1263//726 586//726 
f 689//726 1264//726 1244//726 
f 1265//726 689//726 687//726 
f 1169//726 685//726 683//726 
f 1245//726 1216//726 681//726 
f 1247//726 1218//726 1139//726 
f 1222//726 1219//726 1139//726 
f 1231//726 1266//726 1267//726 
f 669//726 1185//726 1184//726 
f 657//726 1248//726 1226//726 
f 1249//726 1230//726 653//726 
f 641//726 639//726 1193//726 
f 1250//726 1106//726 728//726 
f 1199//726 1197//726 597//726 
f 591//726 1268//726 1159//726 
f 1269//726 1270//726 591//726 
f 1234//726 1251//726 584//726 
f 1236//726 1271//726 1133//726 
f 1253//726 1133//726 1254//726 
f 1257//726 1255//726 1130//726 
f 1239//726 1258//726 1130//726 
f 586//726 1272//726 1273//726 
f 586//726 1274//726 1240//726 
f 1263//726 1261//726 586//726 
f 693//726 1275//726 1276//726 
f 691//726 1244//726 1243//726 
f 687//726 1277//726 1265//726 
f 1215//726 1170//726 681//726 
f 1180//726 1246//726 1139//726 
f 1139//726 1267//726 1278//726 
f 1267//726 1139//726 1279//726 
f 661//726 1225//726 1188//726 
f 1148//726 653//726 651//726 
f 1099//726 1129//726 599//726 
f 591//726 1270//726 1268//726 
f 589//726 1203//726 1269//726 
f 1271//726 1164//726 1133//726 
f 1130//726 1280//726 1253//726 
f 1259//726 1237//726 1130//726 
f 586//726 1281//726 1272//726 
f 586//726 1282//726 1283//726 
f 1262//726 1274//726 586//726 
f 693//726 1284//726 1266//726 
f 693//726 1285//726 1275//726 
f 693//726 1286//726 1287//726 
f 693//726 1288//726 1289//726 
f 1265//726 1264//726 689//726 
f 1175//726 1140//726 1139//726 
f 1267//726 1279//726 1231//726 
f 1229//726 1192//726 655//726 
f 1159//726 593//726 591//726 
f 589//726 588//726 1202//726 
f 1256//726 1280//726 1130//726 
f 586//726 1290//726 1281//726 
f 1260//726 1282//726 586//726 
f 1266//726 728//726 693//726 
f 1287//726 1285//726 693//726 
f 693//726 1291//726 1292//726 
f 1243//726 1288//726 693//726 
f 1278//726 1223//726 1139//726 
f 1077//726 1091//726 1075//726 
f 1253//726 1252//726 1133//726 
f 1283//726 1290//726 586//726 
f 1276//726 1284//726 693//726 
f 1289//726 1291//726 693//726 
f 679//726 1145//726 1139//726 
f 586//726 1273//726 1133//726 
f 1292//726 1286//726 693//726 
f 591//726 589//726 1269//726 
f 1212//726 1277//726 687//726 
f 1266//726 1231//726 728//726 
o mesh38
f 1012//728 947//729 1280//729 
f 1041//730 1012//728 1256//731 
f 963//732 1041//730 1255//733 
f 964//734 963//732 1257//735 
f 961//736 964//734 1238//737 
f 962//738 961//736 1237//739 
f 860//740 962//738 1259//741 
f 861//742 860//740 1258//743 
f 896//744 861//742 1239//745 
f 895//746 896//744 1208//747 
f 937//748 895//746 1207//749 
f 936//750 937//748 1210//751 
f 894//752 936//750 1209//753 
f 857//754 894//752 1211//755 
f 858//756 857//754 1100//757 
f 916//758 858//756 1114//759 
f 934//760 916//758 1157//761 
f 935//762 934//760 1195//763 
f 856//764 935//762 1196//765 
f 836//766 856//764 1198//767 
f 837//768 836//766 1197//769 
f 855//770 837//768 1199//771 
f 892//772 855//770 1233//773 
f 893//774 892//772 1200//775 
f 890//776 893//774 1158//777 
f 891//778 890//776 1201//779 
f 889//780 891//778 1160//781 
f 915//782 889//780 1159//783 
f 914//784 915//782 1268//785 
f 888//786 914//784 1270//787 
f 887//788 888//786 1269//789 
f 854//790 887//788 1203//791 
f 913//792 854//790 1202//793 
f 912//794 913//792 1204//795 
f 886//796 912//794 1251//797 
f 835//798 886//796 1234//799 
f 832//800 835//798 1206//801 
f 841//802 832//800 1205//803 
f 842//804 841//802 1115//805 
f 904//806 842//804 1102//807 
f 873//808 904//806 1101//809 
f 874//810 873//808 1132//811 
f 872//812 874//810 1117//813 
f 839//814 872//812 1116//815 
f 980//816 839//814 1119//817 
f 978//818 980//816 1118//819 
f 979//820 978//818 1134//821 
f 1021//822 979//820 1161//823 
f 976//824 1021//822 1163//825 
f 977//826 976//824 1162//827 
f 1056//828 977//826 1136//829 
f 1044//830 1056//828 1135//831 
f 1019//832 1044//830 1164//833 
f 1020//834 1019//832 1271//835 
f 1043//836 1020//834 1236//837 
f 1018//838 1043//836 1235//839 
f 946//840 1018//838 1252//841 
f 947//729 946//840 1253//840 
f 1253//840 1280//729 947//729 
f 1252//841 1253//840 946//840 
f 1235//839 1252//841 1018//838 
f 1236//837 1235//839 1043//836 
f 1271//835 1236//837 1020//834 
f 1164//833 1271//835 1019//832 
f 1135//831 1164//833 1044//830 
f 1136//829 1135//831 1056//828 
f 1162//827 1136//829 977//826 
f 1163//825 1162//827 976//824 
f 1161//823 1163//825 1021//822 
f 1134//821 1161//823 979//820 
f 1118//819 1134//821 978//818 
f 1119//817 1118//819 980//816 
f 1116//815 1119//817 839//814 
f 1117//813 1116//815 872//812 
f 1132//811 1117//813 874//810 
f 1101//809 1132//811 873//808 
f 1102//807 1101//809 904//806 
f 1115//805 1102//807 842//804 
f 1205//803 1115//805 841//802 
f 1206//801 1205//803 832//800 
f 1234//799 1206//801 835//798 
f 1251//797 1234//799 886//796 
f 1204//795 1251//797 912//794 
f 1202//793 1204//795 913//792 
f 1203//791 1202//793 854//790 
f 1269//789 1203//791 887//788 
f 1270//787 1269//789 888//786 
f 1268//785 1270//787 914//784 
f 1159//783 1268//785 915//782 
f 1160//781 1159//783 889//780 
f 1201//779 1160//781 891//778 
f 1158//777 1201//779 890//776 
f 1200//775 1158//777 893//774 
f 1233//773 1200//775 892//772 
f 1199//771 1233//773 855//770 
f 1197//769 1199//771 837//768 
f 1198//767 1197//769 836//766 
f 1196//765 1198//767 856//764 
f 1195//763 1196//765 935//762 
f 1157//761 1195//763 934//760 
f 1114//759 1157//761 916//758 
f 1100//757 1114//759 858//756 
f 1211//755 1100//757 857//754 
f 1209//753 1211//755 894//752 
f 1210//751 1209//753 936//750 
f 1207//749 1210//751 937//748 
f 1208//747 1207//749 895//746 
f 1239//745 1208//747 896//744 
f 1258//743 1239//745 861//742 
f 1259//741 1258//743 860//740 
f 1237//739 1259//741 962//738 
f 1238//737 1237//739 961//736 
f 1257//735 1238//737 964//734 
f 1255//733 1257//735 963//732 
f 1256//731 1255//733 1041//730 
f 1280//729 1256//731 1012//728 
o mesh39
f 941//842 968//843 1063//843 
f 939//844 941//842 1062//845 
f 940//846 939//844 1068//847 
f 938//848 940//846 1070//849 
f 921//850 938//848 1069//851 
f 922//852 921//850 1066//853 
f 900//854 922//852 1071//855 
f 901//856 900//854 1081//857 
f 919//858 901//856 1072//859 
f 920//860 919//858 1086//861 
f 867//862 920//860 1087//863 
f 899//864 867//862 1074//865 
f 918//866 899//864 1073//867 
f 967//868 918//866 1082//869 
f 917//870 967//868 1088//871 
f 898//872 917//870 1108//873 
f 866//874 898//872 1090//875 
f 897//876 866//874 1089//877 
f 865//878 897//876 1109//879 
f 864//880 865//878 1110//881 
f 863//882 864//880 1126//883 
f 862//884 863//882 1127//885 
f 1015//886 862//884 1128//887 
f 966//888 1015//886 1112//889 
f 965//890 966//888 1111//891 
f 1014//892 965//890 1113//893 
f 859//894 1014//892 1129//895 
f 1013//896 859//894 1099//897 
f 948//898 1013//896 1131//899 
f 974//900 948//898 1130//901 
f 975//902 974//900 1254//903 
f 1042//904 975//902 1133//905 
f 1055//906 1042//904 1273//907 
f 942//908 1055//906 1272//909 
f 943//910 942//908 1281//911 
f 840//912 943//910 1290//913 
f 868//914 840//912 1283//915 
f 871//916 868//914 1282//917 
f 945//918 871//916 1260//919 
f 944//920 945//918 1241//921 
f 878//922 944//920 1240//923 
f 879//924 878//922 1274//925 
f 877//926 879//924 1262//927 
f 844//928 877//926 1261//929 
f 845//930 844//928 1263//931 
f 905//932 845//930 1242//933 
f 875//934 905//932 1079//935 
f 876//936 875//934 1094//937 
f 924//938 876//936 1095//939 
f 925//940 924//938 1078//941 
f 972//942 925//940 1075//943 
f 973//944 972//942 1084//945 
f 1017//946 973//944 1093//947 
f 970//948 1017//946 1092//949 
f 971//950 970//948 1067//951 
f 1016//952 971//950 1065//953 
f 969//954 1016//952 1064//955 
f 968//843 969//954 1061//954 
f 1061//954 1063//843 968//843 
f 1064//955 1061//954 969//954 
f 1065//953 1064//955 1016//952 
f 1067//951 1065//953 971//950 
f 1092//949 1067//951 970//948 
f 1093//947 1092//949 1017//946 
f 1084//945 1093//947 973//944 
f 1075//943 1084//945 972//942 
f 1078//941 1075//943 925//940 
f 1095//939 1078//941 924//938 
f 1094//937 1095//939 876//936 
f 1079//935 1094//937 875//934 
f 1242//933 1079//935 905//932 
f 1263//931 1242//933 845//930 
f 1261//929 1263//931 844//928 
f 1262//927 1261//929 877//926 
f 1274//925 1262//927 879//924 
f 1240//923 1274//925 878//922 
f 1241//921 1240//923 944//920 
f 1260//919 1241//921 945//918 
f 1282//917 1260//919 871//916 
f 1283//915 1282//917 868//914 
f 1290//913 1283//915 840//912 
f 1281//911 1290//913 943//910 
f 1272//909 1281//911 942//908 
f 1273//907 1272//909 1055//906 
f 1133//905 1273//907 1042//904 
f 1254//903 1133//905 975//902 
f 1130//901 1254//903 974//900 
f 1131//899 1130//901 948//898 
f 1099//897 1131//899 1013//896 
f 1129//895 1099//897 859//894 
f 1113//893 1129//895 1014//892 
f 1111//891 1113//893 965//890 
f 1112//889 1111//891 966//888 
f 1128//887 1112//889 1015//886 
f 1127//885 1128//887 862//884 
f 1126//883 1127//885 863//882 
f 1110//881 1126//883 864//880 
f 1109//879 1110//881 865//878 
f 1089//877 1109//879 897//876 
f 1090//875 1089//877 866//874 
f 1108//873 1090//875 898//872 
f 1088//871 1108//873 917//870 
f 1082//869 1088//871 967//868 
f 1073//867 1082//869 918//866 
f 1074//865 1073//867 899//864 
f 1087//863 1074//865 867//862 
f 1086//861 1087//863 920//860 
f 1072//859 1086//861 919//858 
f 1081//857 1072//859 901//856 
f 1071//855 1081//857 900//854 
f 1066//853 1071//855 922//852 
f 1069//851 1066//853 921//850 
f 1070//849 1069//851 938//848 
f 1068//847 1070//849 940//846 
f 1062//845 1068//847 939//844 
f 1063//843 1062//845 941//842 
o mesh40
f 1050//956 1058//957 1104//957 
f 1049//958 1050//956 1103//959 
f 1023//960 1049//958 1151//961 
f 1057//962 1023//960 1150//963 
f 1048//964 1057//962 1153//965 
f 1047//966 1048//964 1152//967 
f 1046//968 1047//966 1154//969 
f 1045//970 1046//968 1193//971 
f 1022//972 1045//970 1194//973 
f 981//974 1022//972 1156//975 
f 926//976 981//974 1155//977 
f 927//978 926//976 1091//979 
f 923//980 927//978 1077//981 
f 843//982 923//980 1076//983 
f 846//984 843//982 1083//985 
f 869//986 846//984 1122//987 
f 870//988 869//986 1085//989 
f 902//990 870//988 1080//991 
f 903//992 902//990 1096//993 
f 838//994 903//992 1105//995 
f 1011//996 838//994 1123//997 
f 852//998 1011//996 1124//999 
f 853//1000 852//998 1098//1001 
f 831//1002 853//1000 1097//1003 
f 933//1004 831//1002 1125//1005 
f 909//1006 933//1004 1107//1007 
f 910//1008 909//1006 1106//1009 
f 1040//1010 910//1008 1250//1011 
f 951//1012 1040//1010 1232//1013 
f 998//1014 951//1012 1231//1015 
f 952//1016 998//1014 1279//1017 
f 996//1018 952//1016 1139//1019 
f 997//1020 996//1018 1145//1021 
f 1031//1022 997//1020 1182//1023 
f 1030//1024 1031//1022 1183//1025 
f 1029//1026 1030//1024 1184//1027 
f 995//1028 1029//1026 1185//1029 
f 994//1030 995//1028 1186//1031 
f 992//1032 994//1030 1187//1033 
f 993//1034 992//1032 1188//1035 
f 990//1036 993//1034 1225//1037 
f 991//1038 990//1036 1189//1039 
f 1028//1040 991//1038 1227//1041 
f 1027//1042 1028//1040 1226//1043 
f 989//1044 1027//1042 1248//1045 
f 928//1046 989//1044 1191//1047 
f 929//1048 928//1046 1190//1049 
f 987//1050 929//1048 1146//1051 
f 988//1052 987//1050 1192//1053 
f 986//1054 988//1052 1229//1055 
f 1025//1056 986//1054 1228//1057 
f 1026//1058 1025//1056 1230//1059 
f 985//1060 1026//1058 1249//1061 
f 983//1062 985//1060 1148//1063 
f 984//1064 983//1062 1147//1065 
f 1024//1066 984//1064 1149//1067 
f 982//1068 1024//1066 1121//1069 
f 1058//957 982//1068 1120//1068 
f 1120//1068 1104//957 1058//957 
f 1121//1069 1120//1068 982//1068 
f 1149//1067 1121//1069 1024//1066 
f 1147//1065 1149//1067 984//1064 
f 1148//1063 1147//1065 983//1062 
f 1249//1061 1148//1063 985//1060 
f 1230//1059 1249//1061 1026//1058 
f 1228//1057 1230//1059 1025//1056 
f 1229//1055 1228//1057 986//1054 
f 1192//1053 1229//1055 988//1052 
f 1146//1051 1192//1053 987//1050 
f 1190//1049 1146//1051 929//1048 
f 1191//1047 1190//1049 928//1046 
f 1248//1045 1191//1047 989//1044 
f 1226//1043 1248//1045 1027//1042 
f 1227//1041 1226//1043 1028//1040 
f 1189//1039 1227//1041 991//1038 
f 1225//1037 1189//1039 990//1036 
f 1188//1035 1225//1037 993//1034 
f 1187//1033 1188//1035 992//1032 
f 1186//1031 1187//1033 994//1030 
f 1185//1029 1186//1031 995//1028 
f 1184//1027 1185//1029 1029//1026 
f 1183//1025 1184//1027 1030//1024 
f 1182//1023 1183//1025 1031//1022 
f 1145//1021 1182//1023 997//1020 
f 1139//1019 1145//1021 996//1018 
f 1279//1017 1139//1019 952//1016 
f 1231//1015 1279//1017 998//1014 
f 1232//1013 1231//1015 951//1012 
f 1250//1011 1232//1013 1040//1010 
f 1106//1009 1250//1011 910//1008 
f 1107//1007 1106//1009 909//1006 
f 1125//1005 1107//1007 933//1004 
f 1097//1003 1125//1005 831//1002 
f 1098//1001 1097//1003 853//1000 
f 1124//999 1098//1001 852//998 
f 1123//997 1124//999 1011//996 
f 1105//995 1123//997 838//994 
f 1096//993 1105//995 903//992 
f 1080//991 1096//993 902//990 
f 1085//989 1080//991 870//988 
f 1122//987 1085//989 869//986 
f 1083//985 1122//987 846//984 
f 1076//983 1083//985 843//982 
f 1077//981 1076//983 923//980 
f 1091//979 1077//981 927//978 
f 1155//977 1091//979 926//976 
f 1156//975 1155//977 981//974 
f 1194//973 1156//975 1022//972 
f 1193//971 1194//973 1045//970 
f 1154//969 1193//971 1046//968 
f 1152//967 1154//969 1047//966 
f 1153//965 1152//967 1048//964 
f 1150//963 1153//965 1057//962 
f 1151//961 1150//963 1023//960 
f 1103//959 1151//961 1049//958 
f 1104//957 1103//959 1050//956 
o mesh41
f 1039//1070 950//1071 1246//1071 
f 1054//1072 1039//1070 1180//1073 
f 1052//1074 1054//1072 1179//1075 
f 1053//1076 1052//1074 1181//1077 
f 1059//1078 1053//1076 1144//1079 
f 911//1080 1059//1078 1143//1081 
f 1037//1082 911//1080 1220//1083 
f 1038//1084 1037//1082 1219//1085 
f 1051//1086 1038//1084 1222//1087 
f 1060//1088 1051//1086 1221//1089 
f 1009//1090 1060//1088 1224//1091 
f 1010//1092 1009//1090 1223//1093 
f 1036//1094 1010//1092 1278//1095 
f 1035//1096 1036//1094 1267//1097 
f 908//1098 1035//1096 1266//1099 
f 884//1100 908//1098 1284//1101 
f 885//1102 884//1100 1276//1103 
f 932//1104 885//1102 1275//1105 
f 960//1106 932//1104 1285//1107 
f 931//1108 960//1106 1287//1109 
f 882//1110 931//1108 1286//1111 
f 883//1112 882//1110 1292//1113 
f 881//1114 883//1112 1291//1115 
f 850//1116 881//1114 1289//1117 
f 851//1118 850//1116 1288//1119 
f 848//1120 851//1118 1243//1121 
f 849//1122 848//1120 1244//1123 
f 829//1124 849//1122 1264//1125 
f 830//1126 829//1124 1265//1127 
f 833//1128 830//1126 1277//1129 
f 834//1130 833//1128 1212//1131 
f 847//1132 834//1130 1165//1133 
f 880//1134 847//1132 1167//1135 
f 1008//1136 880//1134 1166//1137 
f 1034//1138 1008//1136 1169//1139 
f 1033//1140 1034//1138 1168//1141 
f 959//1142 1033//1140 1213//1143 
f 1007//1144 959//1142 1138//1145 
f 1005//1146 1007//1144 1137//1147 
f 1006//1148 1005//1146 1170//1149 
f 1003//1150 1006//1148 1215//1151 
f 1004//1152 1003//1150 1214//1153 
f 1032//1154 1004//1152 1217//1155 
f 1002//1156 1032//1154 1216//1157 
f 958//1158 1002//1156 1245//1159 
f 930//1160 958//1158 1172//1161 
f 906//1162 930//1160 1171//1163 
f 907//1164 906//1162 1173//1165 
f 957//1166 907//1164 1140//1167 
f 955//1168 957//1166 1175//1169 
f 956//1170 955//1168 1174//1171 
f 1001//1172 956//1170 1176//1173 
f 953//1174 1001//1172 1142//1175 
f 954//1176 953//1174 1141//1177 
f 999//1178 954//1176 1178//1179 
f 1000//1180 999//1178 1177//1181 
f 949//1182 1000//1180 1218//1183 
f 950//1071 949//1182 1247//1182 
f 1247//1182 1246//1071 950//1071 
f 1218//1183 1247//1182 949//1182 
f 1177//1181 1218//1183 1000//1180 
f 1178//1179 1177//1181 999//1178 
f 1141//1177 1178//1179 954//1176 
f 1142//1175 1141//1177 953//1174 
f 1176//1173 1142//1175 1001//1172 
f 1174//1171 1176//1173 956//1170 
f 1175//1169 1174//1171 955//1168 
f 1140//1167 1175//1169 957//1166 
f 1173//1165 1140//1167 907//1164 
f 1171//1163 1173//1165 906//1162 
f 1172//1161 1171//1163 930//1160 
f 1245//1159 1172//1161 958//1158 
f 1216//1157 1245//1159 1002//1156 
f 1217//1155 1216//1157 1032//1154 
f 1214//1153 1217//1155 1004//1152 
f 1215//1151 1214//1153 1003//1150 
f 1170//1149 1215//1151 1006//1148 
f 1137//1147 1170//1149 1005//1146 
f 1138//1145 1137//1147 1007//1144 
f 1213//1143 1138//1145 959//1142 
f 1168//1141 1213//1143 1033//1140 
f 1169//1139 1168//1141 1034//1138 
f 1166//1137 1169//1139 1008//1136 
f 1167//1135 1166//1137 880//1134 
f 1165//1133 1167//1135 847//1132 
f 1212//1131 1165//1133 834//1130 
f 1277//1129 1212//1131 833//1128 
f 1265//1127 1277//1129 830//1126 
f 1264//1125 1265//1127 829//1124 
f 1244//1123 1264//1125 849//1122 
f 1243//1121 1244//1123 848//1120 
f 1288//1119 1243//1121 851//1118 
f 1289//1117 1288//1119 850//1116 
f 1291//1115 1289//1117 881//1114 
f 1292//1113 1291//1115 883//1112 
f 1286//1111 1292//1113 882//1110 
f 1287//1109 1286//1111 931//1108 
f 1285//1107 1287//1109 960//1106 
f 1275//1105 1285//1107 932//1104 
f 1276//1103 1275//1105 885//1102 
f 1284//1101 1276//1103 884//1100 
f 1266//1099 1284//1101 908//1098 
f 1267//1097 1266//1099 1035//1096 
f 1278//1095 1267//1097 1036//1094 
f 1223//1093 1278//1095 1010//1092 
f 1224//1091 1223//1093 1009//1090 
f 1221//1089 1224//1091 1060//1088 
f 1222//1087 1221//1089 1051//1086 
f 1219//1085 1222//1087 1038//1084 
f 1220//1083 1219//1085 1037//1082 
f 1143//1081 1220//1083 911//1080 
f 1144//1079 1143//1081 1059//1078 
f 1181//1077 1144//1079 1053//1076 
f 1179//1075 1181//1077 1052//1074 
f 1180//1073 1179//1075 1054//1072 
f 1246//1071 1180//1073 1039//1070 
